id,tag,description,category_originale,thumbs_up,thumbs_down,type_expression,valence_emotionnelle,intensite,energie,physiologie,tonalite,dimension_temporelle
772,[8‑bit chiptune],Speaker sounds like 8-bit chiptune,Effects,6,4,effet_technique,neutre,modere,moyenne,non_applicable,non_applicable,non_applicable
185,[abandoned building],Speaker sounds like they are in an abandoned building,Environment,10,2,environnement_acoustique,neutre,modere,non_applicable,non_applicable,non_applicable,non_applicable
935,[absurd punchline],Speaker delivers an absurd comedic punchline,Humor,9,3,humour,neutre,modere,moyenne,non_applicable,non_applicable,non_applicable
425,[absurdist narration],Speaker uses absurd narrative approach,Narrative,15,5,narration,neutre,modere,moyenne,non_applicable,non_applicable,non_applicable
514,[absurdist],Speaker sounds like they are in an absurdist story,Genre,4,2,genre_narratif,neutre,modere,moyenne,non_applicable,non_applicable,non_applicable
1438,[academic],Speaker speaks with scholarly tone,Styles,8,2,style_parole,neutre,modere,moyenne,non_applicable,non_applicable,non_applicable
1508,[accelerando],Gradually faster,Rhythm,13,2,rythme_tempo,neutre,modere,moyenne,non_applicable,non_applicable,rapide
978,[accented pun],Speaker makes puns using accents,Humor,14,4,humour,neutre,modere,moyenne,non_applicable,non_applicable,non_applicable
326,[aching knee],Speaker sounds like their knees are aching,Body States,11,2,etat_physique,negatif,modere,moyenne,douleur,non_applicable,non_applicable
255,[aching],Speaker sounds like they are in pain,Body States,13,4,etat_physique,negatif,modere,moyenne,douleur,non_applicable,non_applicable
1648,[achoo],Sneeze sound,Vocal Effects,12,3,vocalisation_non_verbale,neutre,modere,moyenne,non_applicable,non_applicable,non_applicable
1417,[ad-libbed],Speaker speaks without preparation,Styles,12,3,style_parole,neutre,modere,moyenne,non_applicable,non_applicable,non_applicable
1705,[adoring],Deeply loving,Emotion,14,4,emotion,positif,fort,moyenne,non_applicable,non_applicable,non_applicable
408,[adult story tone],Speaker uses mature narrative style,Narrative,4,1,narration,neutre,modere,moyenne,non_applicable,non_applicable,non_applicable
533,[adventure],Speaker sounds like they are on an adventure,Genre,14,4,genre_narratif,neutre,modere,moyenne,non_applicable,non_applicable,non_applicable
391,[advice tone],Speaker uses advisory narrative style,Narrative,6,1,narration,neutre,modere,moyenne,non_applicable,non_applicable,non_applicable
1612,[aha],Discovery or understanding,Vocal Effects,11,3,vocalisation_non_verbale,neutre,modere,moyenne,non_applicable,non_applicable,non_applicable
1658,[ahem],Attention-getting cough,Vocal Effects,14,3,vocalisation_non_verbale,neutre,modere,moyenne,non_applicable,non_applicable,non_applicable
1607,[ahh],Understanding or relief,Vocal Effects,13,3,vocalisation_non_verbale,neutre,modere,moyenne,non_applicable,non_applicable,non_applicable
577,[AI rebellion],Speaker sounds like they are in an AI rebellion story,Genre,5,1,genre_narratif,neutre,modere,moyenne,non_applicable,non_applicable,non_applicable
1176,[airplane],Sound of airplane flying overhead,Sound Effects,11,3,effet_sonore,neutre,modere,non_applicable,non_applicable,non_applicable,non_applicable
172,[airport ambient],Speaker sounds like they are in an airport environment,Environment,5,1,environnement_acoustique,neutre,modere,non_applicable,non_applicable,non_applicable,non_applicable
173,[airport announcement],Speaker sounds like they are hearing airport announcements,Environment,7,3,environnement_acoustique,neutre,modere,non_applicable,non_applicable,non_applicable,non_applicable
1172,[alarm clock],Sound of alarm clock beeping,Sound Effects,6,2,effet_sonore,negatif,modere,non_applicable,non_applicable,non_applicable,non_applicable
733,[alarm modulation],Speaker sounds like alarm modulation effect,Effects,13,4,effet_technique,negatif,modere,moyenne,non_applicable,non_applicable,non_applicable
489,[alien encounter],Speaker sounds like they are encountering aliens,Genre,10,2,genre_narratif,neutre,modere,moyenne,non_applicable,non_applicable,non_applicable
493,[alternate history],Speaker sounds like they are in an alternate timeline,Genre,6,2,genre_narratif,neutre,modere,moyenne,non_applicable,non_applicable,non_applicable
796,[ambi mic],Speaker sounds like ambient microphone,Effects,11,3,effet_technique,neutre,modere,moyenne,non_applicable,non_applicable,non_applicable
1759,[amused],"Entertained, pleased",Emotion,2,1,emotion,positif,modere,moyenne,non_applicable,non_applicable,non_applicable
383,[analytical tone],Speaker uses analytical narrative approach,Narrative,9,2,narration,neutre,modere,moyenne,non_applicable,non_applicable,non_applicable
1450,[analytical],Speaker speaks with logical analysis,Styles,10,3,style_parole,neutre,modere,moyenne,non_applicable,non_applicable,non_applicable
1719,[angry],"Hostile, upset",Emotion,6,2,emotion,negatif,fort,moyenne,non_applicable,non_applicable,non_applicable
1347,[animated],Speaker speaks with lively expression,Styles,14,4,style_parole,positif,modere,tres_haute,non_applicable,non_applicable,non_applicable
1717,[annoyed],"Bothered, vexed",Emotion,15,4,emotion,negatif,modere,moyenne,non_applicable,non_applicable,non_applicable
681,[anticipatory pause],Speaker pauses with anticipation,Dialogue,11,3,dialogue,neutre,modere,moyenne,non_applicable,non_applicable,non_applicable
1688,[anticipatory],"Expectant, waiting",Emotion,12,4,emotion,ambivalent,modere,moyenne,non_applicable,non_applicable,non_applicable
445,[anticlimactic reveal],Speaker deflates narrative tension,Narrative,14,4,narration,neutre,modere,moyenne,non_applicable,non_applicable,non_applicable
556,[antihero],Speaker sounds like they are in an antihero story,Genre,5,1,genre_narratif,neutre,modere,moyenne,non_applicable,non_applicable,non_applicable
17,[anxious midday],Speaker sounds worried and tense at midday,Mood,6,1,humeur_tonale,negatif,fort,moyenne,non_applicable,non_applicable,matin
1090,[anxious pause],Speaker pauses anxiously,Introspective,15,4,reflexif_interieur,negatif,modere,moyenne,non_applicable,non_applicable,non_applicable
1089,[anxious reflection],Speaker conveys anxious reflection,Introspective,15,4,reflexif_interieur,negatif,modere,moyenne,non_applicable,non_applicable,non_applicable
1091,[anxious tone],Speaker speaks with an anxious tone,Introspective,7,2,reflexif_interieur,negatif,modere,moyenne,non_applicable,non_applicable,non_applicable
1730,[anxious],"Worried, uneasy",Emotion,13,3,emotion,negatif,fort,moyenne,non_applicable,non_applicable,non_applicable
1781,[apathetic],Lacking interest,Emotion,5,1,emotion,ambivalent,modere,moyenne,non_applicable,non_applicable,non_applicable
607,[apologizes mid-sentence],Speaker apologizes while speaking,Dialogue,6,1,dialogue,neutre,modere,moyenne,non_applicable,non_applicable,non_applicable
1264,[applause],Sound of audience applauding,Sound Effects,9,2,effet_sonore,neutre,modere,non_applicable,non_applicable,non_applicable,non_applicable
1598,[applause],Clapping audience,Vocal Effects,8,2,vocalisation_non_verbale,neutre,modere,moyenne,non_applicable,non_applicable,non_applicable
1732,[apprehensive],Fearful anticipation,Emotion,8,3,emotion,ambivalent,modere,moyenne,non_applicable,non_applicable,non_applicable
774,[arcade beep],Speaker sounds like arcade machine beep,Effects,11,3,effet_technique,neutre,modere,moyenne,non_applicable,non_applicable,non_applicable
1276,[arcade game],Sound of arcade game beeping,Sound Effects,7,2,effet_sonore,neutre,modere,non_applicable,non_applicable,non_applicable,non_applicable
1241,[armor clanking],Sound of metal armor moving,Sound Effects,15,4,effet_sonore,neutre,modere,non_applicable,non_applicable,non_applicable,non_applicable
1804,[arrogant],"Conceited, superior",Emotion,14,4,emotion,ambivalent,modere,moyenne,non_applicable,non_applicable,non_applicable
1238,[arrow whoosh],Sound of arrow flying through air,Sound Effects,9,2,effet_sonore,neutre,modere,non_applicable,non_applicable,dure,non_applicable
1325,[articulate],Speaker speaks clearly and precisely,Styles,8,2,style_parole,neutre,modere,moyenne,non_applicable,non_applicable,matin
1108,[ashamed tone],Speaker speaks with an ashamed tone,Introspective,12,3,reflexif_interieur,negatif,modere,moyenne,non_applicable,non_applicable,non_applicable
1750,[ashamed],"Guilt, regret",Emotion,14,4,emotion,negatif,modere,moyenne,non_applicable,non_applicable,non_applicable
593,[asks bluntly],Speaker asks questions directly and bluntly,Dialogue,9,2,dialogue,neutre,modere,moyenne,non_applicable,non_applicable,non_applicable
592,[asks politely],Speaker asks questions politely,Dialogue,14,4,dialogue,neutre,modere,moyenne,non_applicable,non_applicable,non_applicable
1355,[assertive],Speaker speaks confidently and firmly,Styles,7,2,style_parole,positif,fort,moyenne,non_applicable,non_applicable,non_applicable
184,[attic ambient],Speaker sounds like they are in an attic space,Environment,16,5,environnement_acoustique,neutre,modere,non_applicable,non_applicable,non_applicable,non_applicable
217,[audience applause],Speaker sounds like they are hearing audience applause,Environment,15,5,environnement_acoustique,neutre,modere,non_applicable,non_applicable,non_applicable,non_applicable
736,[audiobook chassis],Speaker sounds like audiobook processing,Effects,8,2,effet_technique,neutre,modere,moyenne,non_applicable,non_applicable,non_applicable
1772,[authoritative],Commanding respect,Emotion,12,4,emotion,ambivalent,fort,moyenne,non_applicable,non_applicable,non_applicable
725,[auto‑tune],Speaker sounds like auto-tuned,Effects,12,3,effet_technique,neutre,modere,moyenne,non_applicable,non_applicable,non_applicable
426,[avant-garde tone],Speaker uses experimental narrative style,Narrative,13,4,narration,neutre,modere,moyenne,non_applicable,non_applicable,non_applicable
929,[awkward laugh],Speaker laughs awkwardly in an uncomfortable way,Humor,13,4,humour,positif,modere,moyenne,non_applicable,non_applicable,non_applicable
1260,[baby crying],Sound of baby crying,Sound Effects,15,5,effet_sonore,negatif,modere,non_applicable,visage,non_applicable,non_applicable
662,[back and forth],Speaker engages in rapid dialogue exchange,Dialogue,12,3,dialogue,neutre,modere,haute,douleur,non_applicable,rapide
283,[back pain],Speaker sounds like they have back pain,Body States,11,3,etat_physique,negatif,modere,moyenne,douleur,non_applicable,non_applicable
803,[backmasking],Speaker sounds like backmasked audio,Effects,10,3,effet_technique,neutre,modere,moyenne,non_applicable,non_applicable,non_applicable
1267,[ball bounce],Sound of ball bouncing,Sound Effects,6,1,effet_sonore,neutre,modere,non_applicable,non_applicable,non_applicable,non_applicable
1230,[balloon pop],Sound of balloon popping,Sound Effects,14,4,effet_sonore,neutre,modere,non_applicable,non_applicable,non_applicable,non_applicable
1283,[balloon squeak],Sound of balloon squeaking,Sound Effects,12,4,effet_sonore,neutre,modere,non_applicable,non_applicable,non_applicable,non_applicable
715,[band reject],Speaker sounds like band reject filtered,Effects,15,5,effet_technique,neutre,modere,moyenne,non_applicable,non_applicable,non_applicable
714,[bandpass],Speaker sounds like bandpass filtered,Effects,14,4,effet_technique,neutre,modere,moyenne,non_applicable,non_applicable,non_applicable
606,[bargains],Speaker bargains during dialogue,Dialogue,6,2,dialogue,neutre,modere,moyenne,non_applicable,non_applicable,non_applicable
1268,[basketball dribble],Sound of basketball dribbling,Sound Effects,4,1,effet_sonore,neutre,modere,non_applicable,non_applicable,non_applicable,non_applicable
786,[bass boost],Speaker sounds like bass boosted,Effects,5,1,effet_technique,neutre,modere,moyenne,non_applicable,grave,non_applicable
124,[beach breeze],Speaker sounds like they are experiencing a gentle beach breeze,Environment,4,1,environnement_acoustique,positif,subtil,non_applicable,non_applicable,douce,lent
125,[beach party],Speaker sounds like they are at a lively beach party,Environment,11,3,environnement_acoustique,positif,modere,tres_haute,non_applicable,non_applicable,non_applicable
123,[beach waves],Speaker sounds like they are near ocean waves at a beach,Environment,13,4,environnement_acoustique,neutre,modere,non_applicable,non_applicable,non_applicable,non_applicable
683,[beat change],Speaker changes the dialogue beat,Dialogue,5,1,dialogue,neutre,modere,moyenne,non_applicable,non_applicable,non_applicable
1475,[beat],Rhythmic pulse timing,Rhythm,5,1,rythme_tempo,neutre,modere,moyenne,non_applicable,non_applicable,non_applicable
1017,[beatbox joke],Speaker makes beatboxing humor,Humor,6,1,humour,neutre,modere,moyenne,non_applicable,non_applicable,non_applicable
409,[bedtime story],Speaker uses sleepy bedtime narrative,Narrative,6,1,narration,neutre,modere,basse,non_applicable,non_applicable,nuit
1189,[bee buzzing],Sound of bee buzzing,Sound Effects,15,5,effet_sonore,neutre,modere,non_applicable,non_applicable,non_applicable,non_applicable
1617,[beep],Electronic tone,Vocal Effects,6,3,vocalisation_non_verbale,neutre,modere,moyenne,non_applicable,non_applicable,non_applicable
991,[belch sound],Speaker makes belching sounds for humor,Humor,10,3,humour,neutre,modere,moyenne,non_applicable,non_applicable,non_applicable
1563,[belch],Burping sound,Vocal Effects,8,2,vocalisation_non_verbale,neutre,modere,moyenne,non_applicable,non_applicable,non_applicable
1395,[bellowing],Speaker speaks very loudly,Styles,15,4,style_parole,neutre,extreme,moyenne,non_applicable,non_applicable,non_applicable
263,[belly ache],Speaker sounds like they have stomach pain,Body States,14,4,etat_physique,negatif,modere,moyenne,douleur,non_applicable,non_applicable
322,[belly sigh],Speaker sounds like they are sighing from their belly,Body States,9,2,etat_physique,neutre,modere,moyenne,respiration,non_applicable,non_applicable
561,[bildungsroman],Speaker sounds like they are in a coming-of-age novel,Genre,10,3,genre_narratif,neutre,modere,moyenne,non_applicable,non_applicable,non_applicable
482,[biopunk],Speaker sounds like they are in a biopunk world,Genre,10,3,genre_narratif,neutre,modere,moyenne,non_applicable,non_applicable,non_applicable
1181,[bird chirping],Sound of birds chirping,Sound Effects,15,5,effet_sonore,neutre,modere,non_applicable,non_applicable,non_applicable,non_applicable
697,[bitcrushed],Speaker sounds like bitcrushed audio effect,Effects,11,3,effet_technique,neutre,modere,moyenne,non_applicable,non_applicable,rapide
740,[bitrate drop],Speaker sounds like reduced bitrate,Effects,14,4,effet_technique,neutre,modere,moyenne,non_applicable,non_applicable,non_applicable
1725,[bitter],"Harsh, resentful",Emotion,11,3,emotion,negatif,modere,moyenne,non_applicable,dure,non_applicable
1653,[blah],Disgust or boredom,Vocal Effects,10,3,vocalisation_non_verbale,negatif,modere,moyenne,non_applicable,non_applicable,non_applicable
347,[blank stare],Speaker sounds like they are staring blankly,Body States,4,1,etat_physique,neutre,modere,moyenne,visage,non_applicable,non_applicable
1616,[bleep],Censoring sound,Vocal Effects,6,2,vocalisation_non_verbale,neutre,modere,moyenne,non_applicable,non_applicable,non_applicable
1220,[blender],Sound of blender mixing,Sound Effects,11,3,effet_sonore,neutre,modere,non_applicable,non_applicable,non_applicable,non_applicable
1649,[bless you],Sneeze response,Vocal Effects,8,2,vocalisation_non_verbale,neutre,modere,moyenne,non_applicable,non_applicable,non_applicable
1682,[blissful],Pure joy and serenity,Emotion,10,3,emotion,positif,extreme,moyenne,non_applicable,non_applicable,non_applicable
290,[block nose],Speaker sounds like they have a blocked nose,Body States,11,3,etat_physique,neutre,modere,moyenne,sensation,nasale,non_applicable
995,[blue joke],Speaker tells slightly risqué humor,Humor,14,4,humour,neutre,subtil,moyenne,non_applicable,aigue,non_applicable
1424,[blunt],Speaker speaks directly without tact,Styles,6,1,style_parole,neutre,modere,moyenne,non_applicable,non_applicable,non_applicable
285,[blurry vision],Speaker sounds like they have blurry vision,Body States,11,3,etat_physique,neutre,modere,moyenne,sensation,non_applicable,non_applicable
300,[blushing],Speaker sounds like they are blushing,Body States,6,2,etat_physique,neutre,modere,moyenne,visage,non_applicable,non_applicable
508,[body horror],Speaker sounds like they are in a body horror story,Genre,9,2,genre_narratif,negatif,modere,moyenne,non_applicable,non_applicable,non_applicable
953,[boing sound],Speaker makes cartoon boing sound effects,Humor,15,5,humour,neutre,modere,moyenne,non_applicable,non_applicable,non_applicable
1672,[boo-hoo],Crying sound,Vocal Effects,12,4,vocalisation_non_verbale,negatif,modere,moyenne,visage,non_applicable,non_applicable
1600,[boo],Disapproval crowd sound,Vocal Effects,7,2,vocalisation_non_verbale,neutre,modere,moyenne,non_applicable,non_applicable,non_applicable
1317,[book close],Sound of book closing,Sound Effects,15,5,effet_sonore,neutre,modere,non_applicable,non_applicable,non_applicable,non_applicable
1396,[booming],Speaker speaks with resonant volume,Styles,12,3,style_parole,neutre,modere,moyenne,non_applicable,grave,non_applicable
15,[bored midday],Speaker sounds uninterested and monotonous at midday,Mood,6,1,humeur_tonale,negatif,modere,moyenne,non_applicable,non_applicable,matin
1782,[bored],"Uninterested, weary",Emotion,6,2,emotion,negatif,modere,basse,non_applicable,non_applicable,non_applicable
1233,[bottle opening],Sound of bottle being opened,Sound Effects,13,4,effet_sonore,neutre,modere,non_applicable,non_applicable,non_applicable,non_applicable
1410,[bouncing],Speaker speaks with lively rhythm,Styles,9,2,style_parole,positif,modere,tres_haute,non_applicable,non_applicable,non_applicable
1541,[bouncy],"Energetic, lively rhythm",Rhythm,8,2,rythme_tempo,positif,fort,tres_haute,non_applicable,non_applicable,non_applicable
1239,[bow string],Sound of bow string being released,Sound Effects,6,2,effet_sonore,neutre,modere,non_applicable,non_applicable,non_applicable,non_applicable
1271,[bowling strike],Sound of bowling ball hitting pins,Sound Effects,9,2,effet_sonore,neutre,modere,non_applicable,non_applicable,non_applicable,non_applicable
1694,[brave],"Courageous, fearless",Emotion,11,3,emotion,positif,modere,moyenne,non_applicable,non_applicable,non_applicable
1591,[breath hold],Suspended breathing,Vocal Effects,13,4,vocalisation_non_verbale,neutre,modere,moyenne,respiration,non_applicable,non_applicable
1525,[breath orders],Breathing pattern control,Rhythm,15,7,rythme_tempo,neutre,modere,moyenne,respiration,non_applicable,non_applicable
236,[breathing heavily],Speaker sounds like they are breathing heavily,Body States,10,3,etat_physique,neutre,modere,moyenne,respiration,non_applicable,non_applicable
1461,[breathless],"Out of breath, rapid speech",Rhythm,12,4,rythme_tempo,neutre,modere,haute,respiration,non_applicable,rapide
1551,[breathy sigh],"Soft, whispered exhale",Vocal Effects,10,3,vocalisation_non_verbale,neutre,subtil,moyenne,respiration,douce,non_applicable
1338,[breathy],Speaker speaks with breathy vocal quality,Styles,14,4,style_parole,neutre,modere,moyenne,respiration,aigue,non_applicable
1510,[brevity],"Concise, short delivery",Rhythm,4,1,rythme_tempo,neutre,modere,moyenne,non_applicable,non_applicable,non_applicable
7,[bright morning],Speaker sounds cheerful and optimistic in the morning,Mood,7,2,humeur_tonale,positif,modere,moyenne,non_applicable,non_applicable,matin
2,[brisk morning],Speaker sounds energetic and crisp in the morning,Mood,13,4,humeur_tonale,positif,fort,haute,non_applicable,non_applicable,matin
751,[brown noise],Speaker sounds like brown noise effect,Effects,9,2,effet_technique,neutre,modere,moyenne,non_applicable,non_applicable,non_applicable
1647,[brr],Cold shivering sound,Vocal Effects,6,1,vocalisation_non_verbale,negatif,modere,moyenne,sensation,dure,non_applicable
1198,[bubble pop],Sound of bubble popping,Sound Effects,4,1,effet_sonore,neutre,modere,non_applicable,non_applicable,non_applicable,non_applicable
1313,[bubble wrap],Sound of bubble wrap popping,Sound Effects,11,3,effet_sonore,neutre,modere,non_applicable,non_applicable,non_applicable,non_applicable
634,[building anticipation],Speaker builds anticipation in dialogue,Dialogue,16,4,dialogue,neutre,modere,moyenne,non_applicable,non_applicable,non_applicable
630,[building tension],Speaker builds tension in dialogue,Dialogue,6,2,dialogue,negatif,modere,moyenne,non_applicable,non_applicable,non_applicable
1537,[building tension],Escalating intensity,Rhythm,6,1,rythme_tempo,negatif,modere,moyenne,non_applicable,non_applicable,non_applicable
286,[burning eyes],Speaker sounds like their eyes are burning,Body States,11,3,etat_physique,neutre,modere,moyenne,sensation,non_applicable,non_applicable
951,[burp laughter],Speaker laughs while burping,Humor,15,4,humour,positif,modere,moyenne,non_applicable,non_applicable,non_applicable
1586,[burp],Stomach gas release,Vocal Effects,14,4,vocalisation_non_verbale,neutre,modere,moyenne,douleur,non_applicable,non_applicable
261,[burping],Speaker sounds like they are burping,Body States,4,1,etat_physique,neutre,modere,moyenne,sensation,non_applicable,non_applicable
1561,[cackle],"Wild, harsh laugh",Vocal Effects,13,4,vocalisation_non_verbale,ambivalent,modere,tres_haute,non_applicable,dure,non_applicable
1405,[cadenced],Speaker speaks with regular rhythm,Styles,5,1,style_parole,neutre,modere,moyenne,non_applicable,non_applicable,non_applicable
136,[cafe ambient],Speaker sounds like they are in a coffee shop atmosphere,Environment,15,5,environnement_acoustique,neutre,modere,non_applicable,non_applicable,non_applicable,non_applicable
137,[cafe barista],Speaker sounds like they are near a busy coffee counter,Environment,8,2,environnement_acoustique,neutre,modere,haute,non_applicable,non_applicable,non_applicable
139,[cafe conversation],Speaker sounds like they are in a cafe with conversations,Environment,11,3,environnement_acoustique,neutre,modere,non_applicable,non_applicable,non_applicable,non_applicable
138,[cafe cups],Speaker sounds like they are hearing coffee cups and dishes,Environment,11,3,environnement_acoustique,neutre,modere,non_applicable,non_applicable,non_applicable,non_applicable
140,[cafe music],Speaker sounds like they are in a cafe with background music,Environment,5,1,environnement_acoustique,neutre,modere,non_applicable,non_applicable,non_applicable,non_applicable
1420,[calculated],Speaker speaks with planned intent,Styles,15,4,style_parole,neutre,modere,moyenne,non_applicable,non_applicable,non_applicable
1472,[calculated],"Precise, deliberate timing",Rhythm,14,4,rythme_tempo,neutre,modere,moyenne,non_applicable,non_applicable,lent
328,[calf ache],Speaker sounds like their calves are aching,Body States,10,3,etat_physique,negatif,modere,moyenne,douleur,non_applicable,non_applicable
941,[callback joke],Speaker references an earlier joke,Humor,8,2,humour,neutre,modere,moyenne,non_applicable,non_applicable,non_applicable
467,[callback narration],Speaker references earlier narrative points,Narrative,11,3,narration,neutre,modere,moyenne,non_applicable,non_applicable,non_applicable
1,[calm morning],Speaker sounds peaceful and serene in the morning,Mood,5,1,humeur_tonale,positif,modere,basse,non_applicable,non_applicable,matin
1696,[calm],"Peaceful, untroubled",Emotion,9,3,emotion,positif,modere,basse,non_applicable,non_applicable,non_applicable
447,[calming narration],Speaker uses peaceful narrative tone,Narrative,15,5,narration,neutre,modere,basse,non_applicable,non_applicable,non_applicable
1210,[camera shutter],Sound of camera taking photo,Sound Effects,12,4,effet_sonore,neutre,extreme,non_applicable,non_applicable,non_applicable,non_applicable
516,[camp],Speaker sounds like they are in a campy story,Genre,14,4,genre_narratif,neutre,modere,moyenne,non_applicable,non_applicable,non_applicable
221,[campfire crackle],Speaker sounds like they are near a crackling campfire,Environment,12,4,environnement_acoustique,neutre,modere,non_applicable,non_applicable,non_applicable,non_applicable
222,[campfire storytelling],Speaker sounds like they are at campfire storytelling,Environment,9,2,environnement_acoustique,neutre,modere,non_applicable,non_applicable,non_applicable,non_applicable
410,[campfire storytelling],Speaker uses outdoor storytelling style,Narrative,12,4,narration,neutre,modere,moyenne,non_applicable,non_applicable,non_applicable
1249,[campfire],Sound of campfire burning,Sound Effects,14,5,effet_sonore,neutre,modere,non_applicable,sensation,non_applicable,non_applicable
223,[campground ambient],Speaker sounds like they are in a campground environment,Environment,15,5,environnement_acoustique,neutre,modere,non_applicable,non_applicable,non_applicable,non_applicable
970,[campy gasp],Speaker gasps in an over-the-top campy way,Humor,15,4,humour,neutre,modere,moyenne,respiration,non_applicable,non_applicable
517,[campy horror],Speaker sounds like they are in a campy horror story,Genre,12,4,genre_narratif,negatif,modere,moyenne,non_applicable,non_applicable,non_applicable
969,[campy tone],Speaker uses deliberately campy humor,Humor,14,4,humour,neutre,modere,moyenne,non_applicable,non_applicable,lent
1232,[can opening],Sound of can being opened,Sound Effects,12,3,effet_sonore,neutre,modere,non_applicable,non_applicable,non_applicable,non_applicable
928,[canned laughter],Speaker sounds like artificial recorded laughter,Humor,6,2,humour,positif,modere,moyenne,non_applicable,non_applicable,non_applicable
177,[car engine],Speaker sounds like they are hearing car engine sounds,Environment,12,3,environnement_acoustique,neutre,modere,non_applicable,non_applicable,non_applicable,non_applicable
1173,[car engine],Sound of car engine running,Sound Effects,15,5,effet_sonore,neutre,modere,non_applicable,non_applicable,non_applicable,non_applicable
178,[car horn],Speaker sounds like they are hearing car horns,Environment,11,3,environnement_acoustique,neutre,modere,non_applicable,non_applicable,non_applicable,non_applicable
180,[car passing],Speaker sounds like they are hearing cars passing by,Environment,14,4,environnement_acoustique,neutre,modere,non_applicable,non_applicable,non_applicable,non_applicable
179,[car radio],Speaker sounds like they are listening to car radio,Environment,15,5,environnement_acoustique,neutre,modere,non_applicable,non_applicable,non_applicable,non_applicable
1273,[cards shuffling],Sound of playing cards shuffling,Sound Effects,13,4,effet_sonore,neutre,modere,non_applicable,non_applicable,non_applicable,non_applicable
1700,[caring],"Compassionate, loving",Emotion,15,5,emotion,positif,fort,moyenne,non_applicable,non_applicable,non_applicable
1278,[carnival music],Sound of carnival carousel music,Sound Effects,9,2,effet_sonore,neutre,modere,non_applicable,non_applicable,non_applicable,non_applicable
1243,[carriage wheels],Sound of carriage wheels rolling,Sound Effects,6,2,effet_sonore,neutre,modere,non_applicable,non_applicable,non_applicable,non_applicable
1022,[cartoon sound effect],Speaker makes cartoon-style sound effects,Humor,5,1,humour,neutre,modere,moyenne,non_applicable,non_applicable,non_applicable
975,[cartoon voice],Speaker uses an exaggerated cartoon voice,Humor,11,3,humour,neutre,modere,moyenne,non_applicable,non_applicable,non_applicable
202,[cash register],Speaker sounds like they are hearing cash register sounds,Environment,10,3,environnement_acoustique,neutre,modere,non_applicable,non_applicable,non_applicable,non_applicable
1227,[cash register],Sound of cash register opening,Sound Effects,7,2,effet_sonore,neutre,modere,non_applicable,non_applicable,non_applicable,non_applicable
770,[cassette wow],Speaker sounds like cassette tape wow effect,Effects,10,3,effet_technique,neutre,modere,moyenne,non_applicable,non_applicable,non_applicable
402,[casual chat],Speaker uses informal chat narrative,Narrative,6,2,narration,neutre,modere,moyenne,non_applicable,non_applicable,non_applicable
1478,[casual pause],"Natural, relaxed breaks",Rhythm,10,3,rythme_tempo,neutre,modere,basse,non_applicable,non_applicable,non_applicable
1332,[casual],Speaker uses relaxed informal style,Styles,14,4,style_parole,neutre,modere,basse,non_applicable,non_applicable,non_applicable
1180,[cat meowing],Sound of cat meowing,Sound Effects,10,3,effet_sonore,neutre,modere,non_applicable,non_applicable,non_applicable,non_applicable
392,[cautionary tone],Speaker uses warning narrative approach,Narrative,8,2,narration,neutre,modere,moyenne,non_applicable,non_applicable,non_applicable
183,[cellar ambient],Speaker sounds like they are in a basement or cellar,Environment,15,5,environnement_acoustique,neutre,modere,non_applicable,non_applicable,non_applicable,non_applicable
1502,[chain-pushed],"Connected, flowing words",Rhythm,9,2,rythme_tempo,neutre,modere,moyenne,non_applicable,non_applicable,non_applicable
1218,[chainsaw],Sound of chainsaw running,Sound Effects,15,4,effet_sonore,neutre,modere,non_applicable,non_applicable,non_applicable,non_applicable
1321,[chalk squeak],Sound of chalk on blackboard,Sound Effects,9,2,effet_sonore,neutre,modere,non_applicable,non_applicable,non_applicable,non_applicable
1285,[champagne cork],Sound of champagne cork popping,Sound Effects,9,3,effet_sonore,neutre,modere,non_applicable,non_applicable,non_applicable,non_applicable
623,[changes subject],Speaker changes the topic,Dialogue,10,3,dialogue,neutre,modere,moyenne,non_applicable,non_applicable,non_applicable
1402,[chanting],Speaker speaks in rhythmic repetition,Styles,16,4,style_parole,neutre,modere,moyenne,non_applicable,non_applicable,non_applicable
963,[character trope],Speaker plays up comedic character stereotypes,Humor,9,2,humour,neutre,modere,moyenne,non_applicable,non_applicable,non_applicable
205,[checkout beep],Speaker sounds like they are hearing checkout scanner beeps,Environment,15,5,environnement_acoustique,neutre,modere,non_applicable,non_applicable,non_applicable,non_applicable
1681,[cheerful],"Bright, upbeat mood",Emotion,15,4,emotion,positif,modere,tres_haute,non_applicable,non_applicable,non_applicable
1599,[cheers],Celebratory crowd noise,Vocal Effects,5,1,vocalisation_non_verbale,positif,modere,moyenne,non_applicable,non_applicable,non_applicable
993,[cheesy joke],Speaker tells deliberately cheesy jokes,Humor,8,2,humour,neutre,modere,moyenne,non_applicable,non_applicable,lent
1585,[chew],"Eating, chewing sound",Vocal Effects,8,2,vocalisation_non_verbale,neutre,modere,moyenne,non_applicable,non_applicable,non_applicable
1261,[child laughing],Sound of child laughing,Sound Effects,6,2,effet_sonore,positif,modere,non_applicable,non_applicable,non_applicable,non_applicable
464,[child narrator],Speaker sounds like a child telling story,Narrative,9,2,narration,neutre,modere,moyenne,non_applicable,non_applicable,non_applicable
463,[childlike narration],Speaker uses innocent narrative voice,Narrative,15,5,narration,neutre,modere,moyenne,non_applicable,non_applicable,non_applicable
1795,[childlike],"Innocent, playful",Emotion,6,1,emotion,positif,modere,moyenne,non_applicable,non_applicable,non_applicable
188,[children chatter],Speaker sounds like they are hearing children talking,Environment,13,4,environnement_acoustique,neutre,modere,non_applicable,non_applicable,non_applicable,non_applicable
552,[children's adventure],Speaker sounds like they are in a children's adventure,Genre,9,2,genre_narratif,neutre,modere,moyenne,non_applicable,non_applicable,non_applicable
976,[chipmunk voice],Speaker uses a high-pitched chipmunk voice,Humor,15,5,humour,neutre,modere,moyenne,non_applicable,aigue,non_applicable
1400,[chirping],Speaker speaks with light quick tone,Styles,15,5,style_parole,neutre,subtil,haute,non_applicable,aigue,rapide
208,[choir],Speaker sounds like they are hearing choir singing,Environment,9,3,environnement_acoustique,neutre,modere,non_applicable,non_applicable,non_applicable,non_applicable
1637,[choking],Airway obstruction sound,Vocal Effects,13,4,vocalisation_non_verbale,neutre,modere,moyenne,non_applicable,non_applicable,non_applicable
1341,[choppy],Speaker speaks in disconnected segments,Styles,4,1,style_parole,neutre,modere,tres_basse,non_applicable,non_applicable,non_applicable
1516,[choppy],"Uneven, broken flow",Rhythm,13,4,rythme_tempo,neutre,modere,moyenne,non_applicable,non_applicable,non_applicable
1674,[chortle],Gleeful chuckle,Vocal Effects,8,2,vocalisation_non_verbale,positif,modere,moyenne,non_applicable,non_applicable,non_applicable
722,[chorus],Speaker sounds like chorus effect,Effects,15,4,effet_technique,neutre,modere,moyenne,non_applicable,non_applicable,non_applicable
661,[chuckle break],Speaker breaks into chuckling,Dialogue,4,2,dialogue,positif,modere,moyenne,non_applicable,non_applicable,non_applicable
1558,[chuckle],"Quiet, soft laugh",Vocal Effects,15,6,vocalisation_non_verbale,positif,subtil,basse,non_applicable,douce,non_applicable
206,[church ambient],Speaker sounds like they are in a church environment,Environment,7,2,environnement_acoustique,neutre,modere,non_applicable,non_applicable,non_applicable,non_applicable
1286,[church bell],Sound of church bell ringing,Sound Effects,12,3,effet_sonore,neutre,modere,non_applicable,non_applicable,non_applicable,non_applicable
207,[church bells],Speaker sounds like they are hearing church bells,Environment,14,4,environnement_acoustique,neutre,modere,non_applicable,non_applicable,non_applicable,non_applicable
763,[church hall reverb],Speaker sounds like church hall reverb,Effects,13,4,effet_technique,neutre,modere,moyenne,non_applicable,non_applicable,non_applicable
1257,[cicada buzz],Sound of cicada buzzing,Sound Effects,12,4,effet_sonore,neutre,modere,non_applicable,non_applicable,non_applicable,non_applicable
353,[cinematic tone],Speaker uses a movie-like narrative style,Narrative,11,3,narration,neutre,modere,moyenne,non_applicable,non_applicable,non_applicable
1427,[circuitous],Speaker speaks in roundabout way,Styles,15,5,style_parole,neutre,modere,moyenne,non_applicable,non_applicable,non_applicable
130,[city crowd],Speaker sounds like they are in a crowded urban area,Environment,10,3,environnement_acoustique,neutre,modere,non_applicable,non_applicable,non_applicable,non_applicable
128,[city siren],Speaker sounds like they are hearing emergency sirens in the city,Environment,6,2,environnement_acoustique,negatif,modere,non_applicable,non_applicable,non_applicable,non_applicable
126,[city street],Speaker sounds like they are on a busy city street,Environment,12,4,environnement_acoustique,neutre,modere,haute,non_applicable,non_applicable,non_applicable
129,[city subway],Speaker sounds like they are in an underground subway system,Environment,6,2,environnement_acoustique,neutre,modere,non_applicable,non_applicable,non_applicable,non_applicable
127,[city traffic],Speaker sounds like they are surrounded by city traffic,Environment,10,3,environnement_acoustique,neutre,modere,non_applicable,non_applicable,non_applicable,non_applicable
272,[clammy skin],Speaker sounds like they have clammy skin,Body States,4,1,etat_physique,neutre,modere,moyenne,sensation,non_applicable,non_applicable
1621,[clang],Metallic collision sound,Vocal Effects,7,2,vocalisation_non_verbale,neutre,modere,moyenne,non_applicable,non_applicable,non_applicable
1622,[clap],Hand striking sound,Vocal Effects,8,2,vocalisation_non_verbale,neutre,fort,moyenne,non_applicable,non_applicable,non_applicable
677,[clarifying pause],Speaker pauses to clarify,Dialogue,11,3,dialogue,neutre,modere,moyenne,non_applicable,non_applicable,non_applicable
587,[clarifying tone],Speaker uses a tone to clarify something,Dialogue,12,3,dialogue,neutre,modere,moyenne,non_applicable,non_applicable,non_applicable
1589,[clears throat],Preparatory throat clear,Vocal Effects,9,2,vocalisation_non_verbale,neutre,modere,moyenne,non_applicable,non_applicable,non_applicable
964,[cliché delivery],Speaker deliberately uses clichéd humor,Humor,10,3,humour,neutre,modere,moyenne,non_applicable,non_applicable,lent
1582,[click tongue],Sharp tongue sound,Vocal Effects,5,1,vocalisation_non_verbale,neutre,modere,moyenne,non_applicable,aigue,non_applicable
361,[cliffhanger],Speaker ends with suspenseful cliffhangers,Narrative,9,3,narration,neutre,modere,moyenne,non_applicable,non_applicable,non_applicable
1343,[clipped],Speaker speaks with abrupt short phrases,Styles,11,3,style_parole,neutre,modere,moyenne,non_applicable,non_applicable,non_applicable
1194,[clock ticking],Sound of clock ticking,Sound Effects,10,3,effet_sonore,neutre,modere,non_applicable,non_applicable,non_applicable,non_applicable
797,[close mic],Speaker sounds like close microphone,Effects,9,3,effet_technique,neutre,modere,moyenne,non_applicable,non_applicable,non_applicable
628,[closes loop],Speaker brings the conversation full circle,Dialogue,10,2,dialogue,neutre,modere,moyenne,non_applicable,non_applicable,non_applicable
1581,[clucking tongue],Disapproving click,Vocal Effects,4,1,vocalisation_non_verbale,neutre,modere,moyenne,non_applicable,non_applicable,non_applicable
388,[coach voice],Speaker uses coaching narrative style,Narrative,7,2,narration,neutre,modere,moyenne,douleur,non_applicable,non_applicable
1221,[coffee grinder],Sound of coffee beans grinding,Sound Effects,5,1,effet_sonore,neutre,modere,non_applicable,non_applicable,non_applicable,non_applicable
1226,[coins dropping],Sound of coins dropping,Sound Effects,5,1,effet_sonore,neutre,modere,non_applicable,non_applicable,non_applicable,non_applicable
304,[cold shiver],Speaker sounds like they are shivering from cold,Body States,4,1,etat_physique,negatif,modere,moyenne,sensation,dure,non_applicable
273,[cold skin],Speaker sounds like they have cold skin,Body States,11,3,etat_physique,negatif,modere,moyenne,sensation,dure,non_applicable
1372,[cold],Speaker speaks without warmth,Styles,12,3,style_parole,negatif,modere,moyenne,sensation,dure,non_applicable
1439,[colloquial],Speaker uses everyday language,Styles,12,4,style_parole,neutre,modere,moyenne,non_applicable,non_applicable,non_applicable
947,[comedic pause],Speaker pauses for comedic effect,Humor,7,2,humour,neutre,modere,moyenne,non_applicable,non_applicable,non_applicable
1018,[comedy beat],Speaker uses musical comedy timing,Humor,8,2,humour,neutre,modere,moyenne,non_applicable,douce,non_applicable
417,[comedy narration],Speaker uses humorous narrative style,Narrative,13,4,narration,neutre,modere,moyenne,non_applicable,non_applicable,non_applicable
1519,[comedy timing],Humorous pause placement,Rhythm,6,2,rythme_tempo,neutre,modere,moyenne,non_applicable,non_applicable,non_applicable
509,[comedy],Speaker sounds like they are in a comedy,Genre,4,1,genre_narratif,neutre,modere,moyenne,non_applicable,non_applicable,non_applicable
650,[comic relief interjection],Comic character makes an interjection,Dialogue,6,2,dialogue,neutre,modere,moyenne,non_applicable,non_applicable,non_applicable
965,[comic relief],Speaker provides comedic relief in tense moments,Humor,4,1,humour,neutre,modere,moyenne,non_applicable,non_applicable,non_applicable
939,[comic timing],Speaker uses perfect comedic timing,Humor,9,2,humour,positif,modere,moyenne,non_applicable,non_applicable,non_applicable
522,[coming-of-age drama],Speaker sounds like they are in a coming-of-age story,Genre,15,5,genre_narratif,neutre,modere,moyenne,non_applicable,non_applicable,non_applicable
1352,[commanding],Speaker speaks with authoritative tone,Styles,8,2,style_parole,neutre,fort,moyenne,non_applicable,non_applicable,non_applicable
1773,[commanding],"Powerful, controlling",Emotion,8,3,emotion,ambivalent,fort,moyenne,non_applicable,non_applicable,non_applicable
80,[commute content],Speaker sounds satisfied and peaceful during commute,Mood,15,4,humeur_tonale,positif,modere,basse,non_applicable,non_applicable,non_applicable
79,[commute frustrated],Speaker sounds annoyed and impatient during commute,Mood,6,2,humeur_tonale,negatif,modere,moyenne,non_applicable,non_applicable,non_applicable
78,[commute reflective],Speaker sounds thoughtful and contemplative during commute,Mood,9,3,humeur_tonale,neutre,modere,moyenne,non_applicable,non_applicable,non_applicable
77,[commute tired],Speaker sounds weary and exhausted during commute,Mood,13,4,humeur_tonale,negatif,modere,basse,non_applicable,non_applicable,non_applicable
76,[commute upbeat],Speaker sounds cheerful and positive during commute,Mood,12,4,humeur_tonale,positif,modere,tres_haute,non_applicable,non_applicable,non_applicable
1701,[compassionate],"Empathetic, understanding",Emotion,5,1,emotion,positif,fort,moyenne,non_applicable,non_applicable,non_applicable
1003,[competitive banter],Speaker engages in competitive humorous banter,Humor,5,1,humour,neutre,modere,moyenne,non_applicable,non_applicable,non_applicable
1429,[complicated],Speaker speaks in complex manner,Styles,11,3,style_parole,neutre,modere,moyenne,non_applicable,non_applicable,non_applicable
987,[compliment sandwich],Speaker uses backhanded compliment humor,Humor,12,4,humour,positif,modere,moyenne,non_applicable,non_applicable,non_applicable
718,[compressor snap],Speaker sounds like compressed with snap,Effects,9,3,effet_technique,neutre,modere,moyenne,non_applicable,non_applicable,non_applicable
216,[concert ambient],Speaker sounds like they are at a concert venue,Environment,11,3,environnement_acoustique,neutre,modere,non_applicable,non_applicable,non_applicable,non_applicable
219,[concert drums],Speaker sounds like they are hearing live drum music,Environment,13,4,environnement_acoustique,neutre,modere,non_applicable,non_applicable,non_applicable,non_applicable
782,[concert fade],Speaker sounds like concert fade effect,Effects,7,2,effet_technique,neutre,modere,moyenne,non_applicable,non_applicable,non_applicable
218,[concert guitar],Speaker sounds like they are hearing live guitar music,Environment,9,2,environnement_acoustique,neutre,modere,non_applicable,non_applicable,non_applicable,non_applicable
762,[concert hall reverb],Speaker sounds like concert hall reverb,Effects,15,4,effet_technique,neutre,modere,moyenne,non_applicable,non_applicable,non_applicable
220,[concert singer],Speaker sounds like they are hearing live vocal performance,Environment,15,5,environnement_acoustique,neutre,modere,non_applicable,non_applicable,non_applicable,non_applicable
759,[condenser mic room],Speaker sounds like condenser microphone in room,Effects,10,3,effet_technique,neutre,modere,moyenne,non_applicable,non_applicable,non_applicable
430,[confessional tone],Speaker uses personal confession narrative,Narrative,9,2,narration,neutre,modere,moyenne,non_applicable,non_applicable,non_applicable
1284,[confetti fall],Sound of confetti falling,Sound Effects,11,3,effet_sonore,neutre,modere,non_applicable,non_applicable,non_applicable,non_applicable
1498,[confident rhythm],Assured timing pattern,Rhythm,8,2,rythme_tempo,positif,modere,moyenne,non_applicable,non_applicable,non_applicable
1357,[confident],Speaker speaks with self-assurance,Styles,14,4,style_parole,positif,modere,moyenne,non_applicable,non_applicable,non_applicable
1692,[confident],"Self-assured, certain",Emotion,13,4,emotion,positif,modere,moyenne,non_applicable,non_applicable,non_applicable
588,[confirming tone],Speaker uses a tone to confirm something,Dialogue,14,4,dialogue,neutre,modere,moyenne,non_applicable,non_applicable,non_applicable
1739,[confused],"Uncertain, bewildered",Emotion,4,1,emotion,ambivalent,modere,moyenne,non_applicable,non_applicable,non_applicable
1536,[consistent pace],"Steady, unchanging",Rhythm,15,4,rythme_tempo,neutre,modere,moyenne,non_applicable,non_applicable,non_applicable
198,[construction],Speaker sounds like they are at a construction site,Environment,15,4,environnement_acoustique,neutre,modere,non_applicable,non_applicable,non_applicable,non_applicable
1117,[contemplative sigh],Speaker releases a contemplative sigh,Introspective,15,4,reflexif_interieur,neutre,modere,moyenne,respiration,non_applicable,non_applicable
1116,[contemplative silence],Speaker sits in contemplative silence,Introspective,7,2,reflexif_interieur,neutre,modere,moyenne,non_applicable,non_applicable,non_applicable
1118,[contemplative tone],Speaker speaks with a contemplative tone,Introspective,12,4,reflexif_interieur,neutre,modere,moyenne,non_applicable,non_applicable,non_applicable
1744,[contemplative],Deep in thought,Emotion,7,2,emotion,neutre,modere,moyenne,non_applicable,grave,non_applicable
1678,[content],"Satisfied, peaceful state",Emotion,5,1,emotion,positif,modere,basse,non_applicable,non_applicable,non_applicable
658,[controlled outburst],Speaker has a controlled outburst,Dialogue,12,4,dialogue,neutre,subtil,moyenne,non_applicable,non_applicable,non_applicable
1364,[controlled],Speaker speaks with restraint,Styles,15,5,style_parole,negatif,subtil,moyenne,non_applicable,non_applicable,non_applicable
671,[conversational overlap],Multiple speakers overlap naturally,Dialogue,5,1,dialogue,neutre,modere,moyenne,non_applicable,non_applicable,non_applicable
356,[conversational tone],"Speaker uses a casual, conversational narrative",Narrative,10,3,narration,neutre,modere,moyenne,non_applicable,non_applicable,non_applicable
1330,[conversational],Speaker uses casual conversation style,Styles,5,1,style_parole,neutre,modere,moyenne,non_applicable,non_applicable,non_applicable
1530,[conversational],Casual dialogue pace,Rhythm,8,2,rythme_tempo,neutre,modere,moyenne,non_applicable,non_applicable,non_applicable
1231,[cork pop],Sound of cork popping from bottle,Sound Effects,9,2,effet_sonore,neutre,modere,non_applicable,non_applicable,non_applicable,non_applicable
994,[corny pun],Speaker makes corny puns,Humor,6,2,humour,neutre,modere,moyenne,non_applicable,non_applicable,non_applicable
608,[corrects self],Speaker corrects themselves while speaking,Dialogue,15,4,dialogue,neutre,modere,moyenne,non_applicable,non_applicable,non_applicable
502,[cosmic horror],Speaker sounds like they are in a cosmic horror story,Genre,15,4,genre_narratif,negatif,modere,moyenne,non_applicable,non_applicable,non_applicable
1590,[cough clear],Clearing cough,Vocal Effects,12,4,vocalisation_non_verbale,neutre,modere,moyenne,non_applicable,non_applicable,non_applicable
1566,[cough hack],"Harsh, rough cough",Vocal Effects,9,3,vocalisation_non_verbale,negatif,modere,moyenne,non_applicable,dure,non_applicable
1565,[cough soft],Gentle throat clear,Vocal Effects,6,2,vocalisation_non_verbale,neutre,subtil,moyenne,non_applicable,douce,lent
1564,[cough],Throat clearing sound,Vocal Effects,7,3,vocalisation_non_verbale,neutre,modere,moyenne,non_applicable,non_applicable,non_applicable
238,[coughing lightly],Speaker sounds like they are coughing softly,Body States,5,1,etat_physique,neutre,subtil,moyenne,sensation,aigue,non_applicable
1695,[courageous],"Bold, heroic",Emotion,7,2,emotion,ambivalent,fort,moyenne,non_applicable,non_applicable,non_applicable
544,[courtroom drama],Speaker sounds like they are in a courtroom drama,Genre,12,4,genre_narratif,neutre,modere,moyenne,non_applicable,non_applicable,non_applicable
1183,[cow mooing],Sound of cow mooing,Sound Effects,9,3,effet_sonore,neutre,modere,non_applicable,non_applicable,non_applicable,non_applicable
1255,[coyote howl],Sound of coyote howling,Sound Effects,9,3,effet_sonore,neutre,extreme,non_applicable,non_applicable,non_applicable,non_applicable
529,[cozy mystery],Speaker sounds like they are in a cozy mystery,Genre,15,4,genre_narratif,positif,modere,moyenne,non_applicable,non_applicable,non_applicable
254,[cracking joints],Speaker sounds like they are cracking their joints,Body States,12,3,etat_physique,neutre,modere,moyenne,sensation,non_applicable,non_applicable
306,[cramp stomach],Speaker sounds like they have stomach cramps,Body States,11,3,etat_physique,neutre,modere,moyenne,douleur,non_applicable,non_applicable
281,[cramps],Speaker sounds like they have muscle cramps,Body States,9,2,etat_physique,neutre,modere,moyenne,douleur,non_applicable,non_applicable
342,[crawl],Speaker sounds like they are crawling,Body States,7,2,etat_physique,neutre,modere,moyenne,sensation,non_applicable,non_applicable
16,[creative midday],Speaker sounds inspired and imaginative at midday,Mood,9,2,humeur_tonale,positif,modere,moyenne,non_applicable,non_applicable,matin
444,[crescendo tone],Speaker builds narrative intensity,Narrative,11,3,narration,neutre,modere,moyenne,non_applicable,non_applicable,non_applicable
1190,[cricket chirp],Sound of cricket chirping,Sound Effects,10,3,effet_sonore,neutre,modere,non_applicable,non_applicable,non_applicable,non_applicable
414,[crime thriller tone],Speaker uses suspenseful crime narrative,Narrative,14,4,narration,neutre,modere,moyenne,non_applicable,non_applicable,non_applicable
497,[crime thriller],Speaker sounds like they are in a crime thriller,Genre,12,3,genre_narratif,positif,modere,moyenne,non_applicable,non_applicable,non_applicable
1339,[crisp],Speaker speaks with sharp clear diction,Styles,14,4,style_parole,neutre,modere,moyenne,non_applicable,aigue,non_applicable
1398,[croaking],Speaker speaks with rough low voice,Styles,9,2,style_parole,neutre,modere,moyenne,non_applicable,grave,non_applicable
1263,[crowd booing],Sound of crowd booing,Sound Effects,9,2,effet_sonore,neutre,modere,non_applicable,non_applicable,non_applicable,non_applicable
1262,[crowd cheering],Sound of crowd cheering,Sound Effects,12,4,effet_sonore,neutre,modere,non_applicable,non_applicable,non_applicable,non_applicable
1432,[crude],Speaker speaks roughly,Styles,8,2,style_parole,neutre,modere,moyenne,non_applicable,dure,non_applicable
309,[crunch stepping],Speaker sounds like they are stepping on something crunchy,Body States,5,1,etat_physique,neutre,modere,moyenne,sensation,non_applicable,non_applicable
1554,[cry],Emotional weeping,Vocal Effects,4,1,vocalisation_non_verbale,neutre,modere,moyenne,non_applicable,non_applicable,non_applicable
1289,[cuckoo clock],Sound of cuckoo clock,Sound Effects,5,1,effet_sonore,neutre,modere,non_applicable,non_applicable,non_applicable,non_applicable
1434,[cultured],Speaker speaks with education,Styles,4,1,style_parole,neutre,modere,moyenne,non_applicable,non_applicable,non_applicable
1741,[curious],"Inquisitive, interested",Emotion,8,2,emotion,neutre,modere,moyenne,non_applicable,non_applicable,non_applicable
1490,[cut-off mid-sentence],Stopped while speaking,Rhythm,9,3,rythme_tempo,neutre,modere,moyenne,non_applicable,non_applicable,non_applicable
1489,[cut-off],Abruptly interrupted,Rhythm,12,3,rythme_tempo,neutre,modere,moyenne,non_applicable,non_applicable,non_applicable
582,[cuts in],Speaker cuts into the conversation,Dialogue,10,3,dialogue,neutre,modere,moyenne,non_applicable,non_applicable,non_applicable
578,[cyber-thriller],Speaker sounds like they are in a cyber-thriller,Genre,9,2,genre_narratif,positif,modere,moyenne,non_applicable,non_applicable,non_applicable
743,[cybernetic glitch],Speaker sounds like cybernetic glitch effect,Effects,14,4,effet_technique,neutre,modere,moyenne,non_applicable,non_applicable,non_applicable
481,[cyberpunk],Speaker sounds like they are in a cyberpunk future,Genre,11,3,genre_narratif,neutre,modere,moyenne,non_applicable,non_applicable,non_applicable
1296,[cymbal crash],Sound of cymbal crashing,Sound Effects,9,3,effet_sonore,neutre,modere,non_applicable,non_applicable,non_applicable,non_applicable
1728,[cynical],"Distrustful, pessimistic",Emotion,1,0,emotion,negatif,modere,moyenne,non_applicable,non_applicable,non_applicable
925,[dad joke tone],Speaker uses the classic dad joke delivery style,Humor,6,2,humour,neutre,modere,moyenne,non_applicable,non_applicable,non_applicable
980,[dad vibe],Speaker has a stereotypical dad humor energy,Humor,15,6,humour,neutre,modere,moyenne,non_applicable,non_applicable,non_applicable
515,[dark comedy],Speaker sounds like they are in a dark comedy,Genre,14,4,genre_narratif,negatif,modere,moyenne,non_applicable,grave,nuit
471,[dark fantasy],Speaker sounds like they are in a dark fantasy setting,Genre,4,1,genre_narratif,negatif,modere,moyenne,non_applicable,grave,nuit
996,[dark joke],Speaker uses dark comedy humor,Humor,6,1,humour,negatif,modere,moyenne,non_applicable,grave,nuit
744,[data‑corrupt],Speaker sounds like corrupted data,Effects,7,2,effet_technique,neutre,modere,moyenne,non_applicable,non_applicable,non_applicable
26,[daydreaming afternoon],Speaker sounds distracted and dreamy in the afternoon,Mood,4,1,humeur_tonale,positif,modere,moyenne,non_applicable,non_applicable,matin
453,[dead serious narration],Speaker uses completely serious narrative,Narrative,14,4,narration,neutre,extreme,tres_basse,non_applicable,non_applicable,non_applicable
98,[deadline efficient],Speaker sounds focused and productive under deadline pressure,Mood,9,3,humeur_tonale,neutre,modere,haute,non_applicable,non_applicable,non_applicable
97,[deadline frantic],Speaker sounds panicked and rushed under deadline pressure,Mood,4,1,humeur_tonale,negatif,extreme,tres_haute,non_applicable,non_applicable,rapide
99,[deadline hopeful],Speaker sounds optimistic and confident under deadline pressure,Mood,15,5,humeur_tonale,ambivalent,modere,moyenne,non_applicable,non_applicable,non_applicable
96,[deadline pressured],Speaker sounds stressed and urgent under deadline pressure,Mood,14,4,humeur_tonale,negatif,modere,moyenne,non_applicable,non_applicable,rapide
100,[deadline stressed],Speaker sounds tense and overwhelmed under deadline pressure,Mood,6,2,humeur_tonale,negatif,modere,moyenne,non_applicable,non_applicable,non_applicable
916,[deadpan delivery],"Speaker delivers humor with a flat, emotionless tone",Humor,7,2,humour,neutre,modere,moyenne,non_applicable,non_applicable,non_applicable
420,[deadpan narration],"Speaker uses flat, emotionless narrative",Narrative,4,1,narration,neutre,modere,moyenne,non_applicable,non_applicable,non_applicable
1520,[deadpan timing],"Flat, emotionless pace",Rhythm,12,4,rythme_tempo,neutre,modere,moyenne,non_applicable,non_applicable,non_applicable
1348,[deadpan],Speaker speaks with no emotional expression,Styles,4,1,style_parole,neutre,modere,moyenne,non_applicable,non_applicable,non_applicable
977,[deep comedic voice],Speaker uses an exaggerated deep voice,Humor,11,3,humour,neutre,modere,moyenne,non_applicable,grave,non_applicable
1101,[defensive reflection],Speaker conveys defensive reflection,Introspective,11,3,reflexif_interieur,neutre,modere,moyenne,non_applicable,non_applicable,non_applicable
1102,[defensive tone],Speaker speaks with a defensive tone,Introspective,4,1,reflexif_interieur,neutre,modere,moyenne,non_applicable,non_applicable,non_applicable
1797,[defiant],Boldly resistant,Emotion,12,3,emotion,ambivalent,modere,moyenne,non_applicable,non_applicable,non_applicable
701,[delay],Speaker sounds like delay effect,Effects,14,4,effet_technique,neutre,modere,moyenne,non_applicable,non_applicable,non_applicable
1329,[deliberate],Speaker speaks with careful intention,Styles,6,3,style_parole,neutre,modere,moyenne,non_applicable,non_applicable,lent
1760,[delighted],Highly pleased,Emotion,12,3,emotion,positif,fort,moyenne,non_applicable,aigue,non_applicable
604,[demands],Speaker demands something,Dialogue,8,2,dialogue,neutre,modere,moyenne,non_applicable,non_applicable,non_applicable
776,[dense pad],Speaker sounds like dense synthesizer pad,Effects,14,4,effet_technique,neutre,modere,moyenne,non_applicable,non_applicable,non_applicable
1714,[depressed],"Low, dejected mood",Emotion,4,1,emotion,negatif,modere,moyenne,non_applicable,grave,non_applicable
1449,[descriptive],Speaker speaks with vivid details,Styles,12,3,style_parole,neutre,modere,moyenne,non_applicable,non_applicable,non_applicable
121,[desert daytime],Speaker sounds like they are in a desert during the day,Environment,6,1,environnement_acoustique,neutre,modere,non_applicable,non_applicable,non_applicable,non_applicable
122,[desert night],Speaker sounds like they are in a desert at night,Environment,15,4,environnement_acoustique,neutre,modere,non_applicable,non_applicable,non_applicable,nuit
1114,[detached reflection],Speaker conveys detached reflection,Introspective,12,4,reflexif_interieur,neutre,modere,tres_basse,non_applicable,non_applicable,non_applicable
1115,[detached tone],Speaker speaks with a detached tone,Introspective,12,4,reflexif_interieur,neutre,modere,tres_basse,non_applicable,non_applicable,non_applicable
412,[detective story tone],Speaker uses mystery detective narrative,Narrative,7,2,narration,neutre,modere,moyenne,non_applicable,non_applicable,non_applicable
494,[detective],Speaker sounds like they are in a detective story,Genre,11,3,genre_narratif,neutre,modere,moyenne,non_applicable,non_applicable,non_applicable
1767,[determined],"Resolute, focused",Emotion,15,4,emotion,neutre,modere,haute,non_applicable,non_applicable,non_applicable
752,[detuned],Speaker sounds detuned,Effects,15,4,effet_technique,neutre,modere,moyenne,non_applicable,non_applicable,non_applicable
10,[dewy morning],Speaker sounds fresh and crisp in the morning,Mood,12,3,humeur_tonale,neutre,modere,moyenne,non_applicable,non_applicable,matin
768,[dial‑up tone],Speaker sounds like dial-up modem tone,Effects,15,4,effet_technique,neutre,modere,moyenne,non_applicable,non_applicable,non_applicable
641,[dialogue crescendo],Speaker builds intensity in dialogue,Dialogue,12,4,dialogue,neutre,modere,moyenne,non_applicable,non_applicable,non_applicable
642,[dialogue decrescendo],Speaker decreases intensity in dialogue,Dialogue,8,2,dialogue,neutre,modere,moyenne,non_applicable,non_applicable,non_applicable
670,[dialogue dissonance],Speakers create dissonance in dialogue,Dialogue,12,3,dialogue,neutre,modere,moyenne,non_applicable,non_applicable,non_applicable
676,[dialogue follow‑up],Speaker follows up on dialogue,Dialogue,5,1,dialogue,neutre,modere,moyenne,non_applicable,non_applicable,non_applicable
669,[dialogue harmonizing],Speakers harmonize in dialogue,Dialogue,4,1,dialogue,neutre,modere,moyenne,non_applicable,non_applicable,non_applicable
673,[dialogue reflection],Speaker reflects on the dialogue,Dialogue,10,3,dialogue,neutre,modere,moyenne,non_applicable,non_applicable,non_applicable
675,[dialogue summary],Speaker summarizes the dialogue,Dialogue,10,3,dialogue,neutre,modere,moyenne,non_applicable,non_applicable,non_applicable
644,[dialogue tag aside],Speaker makes an aside comment,Dialogue,14,4,dialogue,neutre,modere,moyenne,non_applicable,non_applicable,non_applicable
691,[dialogue tag gasp],Speaker gasps dialogue tags,Dialogue,6,1,dialogue,neutre,modere,moyenne,respiration,non_applicable,non_applicable
690,[dialogue tag laugh],Speaker laughs dialogue tags,Dialogue,12,3,dialogue,positif,modere,moyenne,non_applicable,non_applicable,non_applicable
688,[dialogue tag shout],Speaker shouts dialogue tags,Dialogue,4,1,dialogue,negatif,extreme,moyenne,non_applicable,non_applicable,non_applicable
689,[dialogue tag sigh],Speaker sighs dialogue tags,Dialogue,6,2,dialogue,neutre,modere,moyenne,respiration,non_applicable,non_applicable
687,[dialogue tag whisper],Speaker whispers dialogue tags,Dialogue,8,2,dialogue,neutre,subtil,moyenne,non_applicable,non_applicable,non_applicable
1272,[dice roll],Sound of dice rolling,Sound Effects,14,4,effet_sonore,neutre,modere,non_applicable,non_applicable,non_applicable,non_applicable
480,[dieselpunk],Speaker sounds like they are in a dieselpunk setting,Genre,11,3,genre_narratif,neutre,modere,moyenne,non_applicable,non_applicable,non_applicable
631,[diffusing tension],Speaker reduces tension in dialogue,Dialogue,8,2,dialogue,negatif,modere,moyenne,non_applicable,non_applicable,non_applicable
739,[digital clip],Speaker sounds like digital clipping,Effects,9,3,effet_technique,neutre,modere,moyenne,non_applicable,non_applicable,non_applicable
696,[digital distortion],Speaker sounds like digital distortion effect,Effects,12,4,effet_technique,neutre,modere,moyenne,non_applicable,non_applicable,non_applicable
802,[digital shimmer],Speaker sounds like digital shimmer effect,Effects,9,2,effet_technique,neutre,modere,moyenne,non_applicable,non_applicable,non_applicable
1423,[diplomatic],Speaker speaks carefully and tactfully,Styles,6,1,style_parole,neutre,modere,moyenne,non_applicable,non_applicable,non_applicable
1426,[direct],Speaker speaks straightforwardly,Styles,12,3,style_parole,neutre,modere,moyenne,non_applicable,non_applicable,non_applicable
1370,[distant],Speaker speaks with emotional distance,Styles,15,4,style_parole,neutre,modere,tres_basse,non_applicable,dure,non_applicable
247,[dizzy],Speaker sounds like they are feeling dizzy,Body States,7,2,etat_physique,neutre,modere,moyenne,sensation,non_applicable,non_applicable
1026,[doctor joke],Speaker makes medical humor,Humor,6,1,humour,neutre,modere,moyenne,non_applicable,non_applicable,non_applicable
354,[documentary style],Speaker sounds like a documentary narrator,Narrative,6,1,narration,neutre,modere,moyenne,non_applicable,non_applicable,non_applicable
1179,[dog barking],Sound of dog barking,Sound Effects,14,4,effet_sonore,neutre,modere,non_applicable,non_applicable,non_applicable,non_applicable
1651,[doh],Frustrated realization,Vocal Effects,4,1,vocalisation_non_verbale,negatif,modere,moyenne,non_applicable,non_applicable,non_applicable
1248,[dolphin click],Sound of dolphin clicking,Sound Effects,5,1,effet_sonore,neutre,modere,non_applicable,non_applicable,non_applicable,non_applicable
1774,[dominant],"Assertive, controlling",Emotion,14,4,emotion,ambivalent,fort,moyenne,non_applicable,non_applicable,non_applicable
1203,[door creaking],Sound of door creaking,Sound Effects,9,2,effet_sonore,neutre,modere,non_applicable,non_applicable,non_applicable,non_applicable
1204,[door slamming],Sound of door slamming shut,Sound Effects,5,1,effet_sonore,neutre,modere,non_applicable,non_applicable,non_applicable,non_applicable
1170,[doorbell],Sound of doorbell ringing,Sound Effects,15,4,effet_sonore,neutre,modere,non_applicable,non_applicable,non_applicable,non_applicable
1224,[doorknob turn],Sound of doorknob turning,Sound Effects,12,4,effet_sonore,neutre,modere,non_applicable,non_applicable,non_applicable,non_applicable
460,[doubtful narration],Speaker uses uncertain narrative voice,Narrative,10,3,narration,neutre,modere,moyenne,non_applicable,non_applicable,non_applicable
1727,[doubtful],"Uncertain, hesitant",Emotion,8,2,emotion,ambivalent,subtil,moyenne,non_applicable,non_applicable,non_applicable
1467,[dragging],"Overly slow, labored",Rhythm,8,2,rythme_tempo,negatif,modere,basse,non_applicable,non_applicable,lent
519,[drama],Speaker sounds like they are in a dramatic story,Genre,6,1,genre_narratif,neutre,fort,moyenne,non_applicable,non_applicable,non_applicable
651,[dramatic interjection],Speaker makes a dramatic interjection,Dialogue,6,1,dialogue,neutre,fort,moyenne,non_applicable,non_applicable,non_applicable
465,[dramatic irony],Speaker uses dramatic irony in narrative,Narrative,8,2,narration,neutre,fort,moyenne,non_applicable,non_applicable,non_applicable
349,[dramatic pause],Speaker uses dramatic pauses for effect,Narrative,4,1,narration,neutre,fort,moyenne,non_applicable,non_applicable,non_applicable
1476,[dramatic pause],Extended pauses for emphasis,Rhythm,12,4,rythme_tempo,neutre,fort,moyenne,non_applicable,non_applicable,non_applicable
359,[dramatic reveal],Speaker builds up to dramatic revelations,Narrative,7,2,narration,neutre,fort,moyenne,non_applicable,non_applicable,non_applicable
1518,[dramatic timing],Theatrical pacing,Rhythm,15,5,rythme_tempo,neutre,fort,moyenne,non_applicable,non_applicable,non_applicable
1786,[dramatic],"Theatrical, intense",Emotion,9,3,emotion,ambivalent,extreme,moyenne,non_applicable,non_applicable,non_applicable
1344,[drawling],Speaker speaks with extended vowel sounds,Styles,11,3,style_parole,neutre,modere,moyenne,non_applicable,non_applicable,non_applicable
1494,[drifting],"Unfocused, wandering pace",Rhythm,9,3,rythme_tempo,neutre,modere,haute,non_applicable,non_applicable,non_applicable
200,[drilling],Speaker sounds like they are hearing drilling sounds,Environment,7,2,environnement_acoustique,neutre,modere,non_applicable,non_applicable,non_applicable,non_applicable
1195,[dripping water],Sound of water dripping,Sound Effects,15,4,effet_sonore,neutre,modere,non_applicable,non_applicable,non_applicable,non_applicable
154,[drizzle],Speaker sounds like they are experiencing drizzling rain,Environment,15,5,environnement_acoustique,neutre,modere,non_applicable,non_applicable,non_applicable,non_applicable
1401,[droning],Speaker speaks monotonously,Styles,15,4,style_parole,neutre,modere,moyenne,non_applicable,non_applicable,non_applicable
1295,[drum beat],Sound of drum being beaten,Sound Effects,9,2,effet_sonore,neutre,modere,non_applicable,non_applicable,non_applicable,non_applicable
934,[dry humor],"Speaker uses dry, understated humor",Humor,6,2,humour,neutre,modere,moyenne,non_applicable,non_applicable,non_applicable
265,[dry mouth],Speaker sounds like they have a dry mouth,Body States,9,3,etat_physique,neutre,modere,moyenne,sensation,non_applicable,non_applicable
1001,[dry sarcasm],Speaker uses very dry sarcastic humor,Humor,11,3,humour,negatif,fort,moyenne,non_applicable,non_applicable,non_applicable
297,[dry skin],Speaker sounds like they have dry skin,Body States,8,2,etat_physique,neutre,modere,moyenne,sensation,non_applicable,non_applicable
792,[ducking],Speaker sounds like ducking effect,Effects,11,3,effet_technique,neutre,modere,moyenne,non_applicable,non_applicable,non_applicable
39,[dusk anticipatory],Speaker sounds expectant and eager at dusk,Mood,9,3,humeur_tonale,positif,modere,haute,non_applicable,non_applicable,soir
31,[dusk calm],Speaker sounds peaceful and serene at dusk,Mood,9,3,humeur_tonale,positif,modere,basse,non_applicable,non_applicable,soir
38,[dusk content],Speaker sounds satisfied and pleased at dusk,Mood,6,1,humeur_tonale,positif,modere,moyenne,non_applicable,non_applicable,soir
33,[dusk hopeful],Speaker sounds optimistic and expectant at dusk,Mood,7,2,humeur_tonale,positif,modere,moyenne,non_applicable,non_applicable,soir
40,[dusk meditative],Speaker sounds calm and spiritual at dusk,Mood,7,2,humeur_tonale,neutre,modere,basse,non_applicable,non_applicable,soir
36,[dusk mysterious],Speaker sounds enigmatic and intriguing at dusk,Mood,14,4,humeur_tonale,neutre,modere,moyenne,non_applicable,non_applicable,soir
32,[dusk reflective],Speaker sounds thoughtful and contemplative at dusk,Mood,10,3,humeur_tonale,neutre,modere,moyenne,non_applicable,non_applicable,soir
35,[dusk romantic],Speaker sounds tender and passionate at dusk,Mood,10,2,humeur_tonale,positif,fort,moyenne,non_applicable,douce,soir
34,[dusk sad],Speaker sounds melancholic and sorrowful at dusk,Mood,11,3,humeur_tonale,negatif,modere,moyenne,non_applicable,non_applicable,soir
37,[dusk weary],Speaker sounds tired and exhausted at dusk,Mood,9,2,humeur_tonale,negatif,modere,basse,non_applicable,non_applicable,soir
758,[dynamic mic proximity],Speaker sounds like close dynamic microphone,Effects,10,3,effet_technique,neutre,fort,tres_haute,non_applicable,non_applicable,non_applicable
483,[dystopian],Speaker sounds like they are in a dystopian society,Genre,8,2,genre_narratif,neutre,modere,moyenne,non_applicable,non_applicable,non_applicable
620,[eager agreement],Speaker eagerly agrees,Dialogue,10,3,dialogue,positif,modere,haute,non_applicable,non_applicable,non_applicable
622,[eager refusal],Speaker eagerly refuses,Dialogue,5,1,dialogue,positif,modere,haute,non_applicable,non_applicable,non_applicable
1687,[eager],Keen anticipation,Emotion,12,3,emotion,positif,modere,haute,non_applicable,non_applicable,non_applicable
292,[ear popping],Speaker sounds like their ears are popping,Body States,14,4,etat_physique,neutre,modere,moyenne,sensation,non_applicable,non_applicable
291,[ear ringing],Speaker sounds like they have ringing in their ears,Body States,15,5,etat_physique,neutre,modere,moyenne,sensation,non_applicable,non_applicable
70,[early dawn curious],Speaker sounds inquisitive and wondering at early dawn,Mood,5,1,humeur_tonale,neutre,modere,moyenne,non_applicable,non_applicable,matin
67,[early dawn hopeful],Speaker sounds optimistic and expectant at early dawn,Mood,7,2,humeur_tonale,positif,modere,moyenne,non_applicable,non_applicable,matin
68,[early dawn quiet],Speaker sounds peaceful and subdued at early dawn,Mood,5,1,humeur_tonale,positif,subtil,basse,non_applicable,non_applicable,matin
69,[early dawn sleepy],Speaker sounds drowsy and tired at early dawn,Mood,5,1,humeur_tonale,negatif,modere,basse,non_applicable,non_applicable,matin
643,[echo reply],Speaker's reply echoes what was said,Dialogue,15,4,dialogue,neutre,modere,moyenne,non_applicable,non_applicable,non_applicable
699,[echo],Speaker sounds like echo effect,Effects,4,1,effet_technique,neutre,modere,moyenne,non_applicable,non_applicable,non_applicable
595,[echoes statement],Speaker echoes what was said,Dialogue,7,2,dialogue,neutre,modere,moyenne,non_applicable,non_applicable,non_applicable
665,[echoing question],Speaker echoes a question,Dialogue,7,2,dialogue,neutre,modere,moyenne,non_applicable,non_applicable,non_applicable
579,[eco-thriller],Speaker sounds like they are in an eco-thriller,Genre,10,3,genre_narratif,positif,modere,moyenne,non_applicable,non_applicable,non_applicable
1761,[ecstatic],Overwhelmingly happy,Emotion,10,3,emotion,ambivalent,extreme,tres_haute,non_applicable,non_applicable,non_applicable
1436,[educated],Speaker speaks with learning,Styles,15,4,style_parole,neutre,modere,moyenne,non_applicable,non_applicable,non_applicable
385,[educational tone],Speaker uses teaching narrative tone,Narrative,9,3,narration,neutre,modere,moyenne,douleur,non_applicable,non_applicable
1615,[eek],Frightened squeal,Vocal Effects,15,5,vocalisation_non_verbale,neutre,fort,moyenne,non_applicable,aigue,non_applicable
1380,[effortless],Speaker speaks with ease,Styles,6,2,style_parole,neutre,modere,moyenne,non_applicable,non_applicable,non_applicable
1609,[eh],Questioning or dismissive,Vocal Effects,4,1,vocalisation_non_verbale,neutre,modere,moyenne,non_applicable,non_applicable,non_applicable
1545,[elastic],Flexible timing,Rhythm,4,1,rythme_tempo,neutre,modere,moyenne,non_applicable,non_applicable,non_applicable
1762,[elated],Extremely happy,Emotion,9,2,emotion,positif,extreme,moyenne,non_applicable,non_applicable,non_applicable
1215,[electric drill],Sound of electric drill operating,Sound Effects,6,1,effet_sonore,neutre,modere,non_applicable,non_applicable,non_applicable,non_applicable
695,[electric hum],Speaker sounds like electric humming effect,Effects,7,2,effet_technique,neutre,modere,moyenne,non_applicable,non_applicable,non_applicable
527,[electro musical],Speaker sounds like they are in an electronic musical,Genre,9,3,genre_narratif,neutre,modere,moyenne,non_applicable,douce,non_applicable
1187,[elephant trumpet],Sound of elephant trumpeting,Sound Effects,14,4,effet_sonore,neutre,modere,non_applicable,non_applicable,non_applicable,non_applicable
1386,[eloquent],Speaker speaks with beautiful expression,Styles,6,2,style_parole,positif,modere,moyenne,non_applicable,non_applicable,non_applicable
1749,[embarrassed],"Self-conscious, awkward",Emotion,12,4,emotion,ambivalent,modere,moyenne,non_applicable,non_applicable,non_applicable
1074,[emotional block],Speaker conveys emotional block,Introspective,12,4,reflexif_interieur,neutre,modere,moyenne,non_applicable,non_applicable,non_applicable
1072,[emotional breakthrough],Speaker conveys an emotional breakthrough,Introspective,13,4,reflexif_interieur,neutre,modere,moyenne,non_applicable,dure,non_applicable
1075,[emotional honesty],Speaker conveys emotional honesty,Introspective,13,4,reflexif_interieur,neutre,modere,moyenne,non_applicable,non_applicable,non_applicable
1070,[emotional numbness],Speaker conveys emotional numbness,Introspective,15,4,reflexif_interieur,neutre,modere,moyenne,non_applicable,non_applicable,non_applicable
657,[emotional outburst],Speaker has an emotional outburst,Dialogue,13,4,dialogue,neutre,modere,moyenne,non_applicable,non_applicable,non_applicable
1071,[emotional overload],Speaker conveys emotional overload,Introspective,14,4,reflexif_interieur,neutre,modere,moyenne,non_applicable,non_applicable,non_applicable
1073,[emotional release],Speaker conveys emotional release,Introspective,15,5,reflexif_interieur,neutre,modere,moyenne,non_applicable,non_applicable,non_applicable
1076,[emotional veil],Speaker conveys an emotional veil,Introspective,12,3,reflexif_interieur,neutre,modere,moyenne,non_applicable,non_applicable,non_applicable
1451,[emotional],Speaker speaks with feeling,Styles,5,1,style_parole,neutre,modere,moyenne,non_applicable,non_applicable,non_applicable
30,[energetic afternoon],Speaker sounds vibrant and lively in the afternoon,Mood,14,4,humeur_tonale,positif,fort,tres_haute,non_applicable,non_applicable,matin
6,[energetic morning],Speaker sounds vibrant and full of energy in the morning,Mood,6,1,humeur_tonale,positif,fort,tres_haute,non_applicable,non_applicable,matin
403,[energetic narration],Speaker uses high-energy narrative style,Narrative,15,4,narration,neutre,fort,tres_haute,non_applicable,aigue,non_applicable
1334,[energetic],Speaker speaks with high energy,Styles,6,1,style_parole,positif,fort,tres_haute,non_applicable,aigue,non_applicable
1784,[energetic],Full of energy,Emotion,6,2,emotion,positif,fort,tres_haute,non_applicable,non_applicable,non_applicable
1689,[enthusiastic],Passionate excitement,Emotion,15,5,emotion,positif,fort,haute,non_applicable,non_applicable,non_applicable
1391,[enunciating],Speaker speaks with clear pronunciation,Styles,9,2,style_parole,neutre,modere,moyenne,non_applicable,non_applicable,non_applicable
1723,[envious],Wanting what others have,Emotion,9,2,emotion,ambivalent,modere,moyenne,non_applicable,non_applicable,non_applicable
921,[Environment irony],Speaker uses ironic humor based on the situation,Humor,12,3,humour,neutre,modere,moyenne,non_applicable,non_applicable,non_applicable
443,[epic build-up],Speaker builds to epic climax,Narrative,7,2,narration,neutre,extreme,moyenne,non_applicable,non_applicable,non_applicable
473,[epic fantasy],Speaker sounds like they are in a grand fantasy adventure,Genre,9,2,genre_narratif,neutre,modere,moyenne,non_applicable,non_applicable,non_applicable
536,[epic journey],Speaker sounds like they are on an epic journey,Genre,13,4,genre_narratif,neutre,modere,moyenne,non_applicable,non_applicable,non_applicable
373,[epic saga tone],"Speaker uses grand, epic narrative style",Narrative,9,2,narration,neutre,modere,moyenne,non_applicable,non_applicable,non_applicable
542,[espionage],Speaker sounds like they are in an espionage story,Genre,10,3,genre_narratif,neutre,modere,moyenne,non_applicable,non_applicable,non_applicable
1763,[euphoric],Intensely joyful,Emotion,10,2,emotion,positif,extreme,tres_haute,non_applicable,non_applicable,non_applicable
1425,[evasive],Speaker speaks to avoid direct answers,Styles,13,4,style_parole,neutre,modere,moyenne,non_applicable,non_applicable,non_applicable
50,[evening dramatic],Speaker sounds intense and theatrical in the evening,Mood,7,2,humeur_tonale,neutre,extreme,moyenne,non_applicable,non_applicable,soir
44,[evening flirtatious],Speaker sounds charming and teasing in the evening,Mood,8,2,humeur_tonale,positif,modere,moyenne,non_applicable,non_applicable,soir
47,[evening mellow],Speaker sounds smooth and laid-back in the evening,Mood,6,2,humeur_tonale,neutre,modere,basse,douleur,douce,soir
49,[evening melodic],Speaker sounds musical and rhythmic in the evening,Mood,13,5,humeur_tonale,neutre,modere,moyenne,non_applicable,douce,soir
48,[evening philosophical],Speaker sounds deep and thoughtful in the evening,Mood,12,4,humeur_tonale,neutre,modere,moyenne,non_applicable,grave,soir
43,[evening playful],Speaker sounds fun and lighthearted in the evening,Mood,12,4,humeur_tonale,positif,subtil,moyenne,non_applicable,aigue,soir
41,[evening relaxed],Speaker sounds calm and at ease in the evening,Mood,15,4,humeur_tonale,neutre,modere,basse,non_applicable,non_applicable,soir
46,[evening spirited],Speaker sounds lively and enthusiastic in the evening,Mood,8,2,humeur_tonale,positif,modere,tres_haute,non_applicable,non_applicable,soir
45,[evening tired],Speaker sounds weary and exhausted in the evening,Mood,9,2,humeur_tonale,negatif,modere,basse,non_applicable,non_applicable,soir
42,[evening upbeat],Speaker sounds cheerful and positive in the evening,Mood,15,4,humeur_tonale,positif,modere,tres_haute,non_applicable,non_applicable,soir
1664,[eww],Revulsion sound,Vocal Effects,11,3,vocalisation_non_verbale,negatif,modere,moyenne,non_applicable,non_applicable,non_applicable
971,[exaggerated gasp],Speaker gasps dramatically for comedic effect,Humor,9,2,humour,neutre,fort,moyenne,respiration,non_applicable,non_applicable
652,[exasperated interjection],Speaker makes an exasperated interjection,Dialogue,12,4,dialogue,neutre,modere,moyenne,non_applicable,non_applicable,non_applicable
1686,[excited],Energetic enthusiasm,Emotion,5,2,emotion,positif,fort,tres_haute,non_applicable,non_applicable,non_applicable
1524,[exclamation pause],Emphasis break,Rhythm,15,5,rythme_tempo,neutre,modere,moyenne,non_applicable,non_applicable,non_applicable
1043,[existential calm],Speaker conveys existential calm and acceptance,Introspective,9,2,reflexif_interieur,neutre,modere,basse,non_applicable,non_applicable,non_applicable
1041,[existential dread],Speaker conveys existential dread and anxiety,Introspective,7,2,reflexif_interieur,negatif,modere,moyenne,non_applicable,non_applicable,non_applicable
1042,[existential wonder],Speaker conveys existential wonder and curiosity,Introspective,8,2,reflexif_interieur,positif,modere,moyenne,non_applicable,non_applicable,non_applicable
719,[expander],Speaker sounds like expanded audio,Effects,6,2,effet_technique,neutre,modere,moyenne,non_applicable,non_applicable,non_applicable
1511,[expansive],"Drawn-out, extended",Rhythm,6,1,rythme_tempo,neutre,modere,moyenne,non_applicable,non_applicable,non_applicable
427,[experimental narrative],Speaker uses unconventional narrative,Narrative,15,5,narration,neutre,modere,moyenne,non_applicable,non_applicable,non_applicable
537,[exploration],Speaker sounds like they are exploring unknown territory,Genre,8,2,genre_narratif,neutre,modere,moyenne,non_applicable,non_applicable,non_applicable
1167,[explosion],Sound of explosive blast,Sound Effects,9,2,effet_sonore,neutre,extreme,tres_haute,non_applicable,non_applicable,non_applicable
1363,[explosive],Speaker speaks with sudden bursts,Styles,15,4,style_parole,neutre,extreme,tres_haute,non_applicable,non_applicable,non_applicable
1418,[extemporaneous],Speaker speaks off the cuff,Styles,12,4,style_parole,neutre,modere,moyenne,non_applicable,non_applicable,non_applicable
332,[eye blink],Speaker sounds like they are blinking,Body States,7,2,etat_physique,neutre,modere,moyenne,visage,non_applicable,non_applicable
333,[eye roll],Speaker sounds like they are rolling their eyes,Body States,11,3,etat_physique,neutre,modere,moyenne,visage,non_applicable,non_applicable
376,[fable style],Speaker uses moral fable narrative tone,Narrative,4,1,narration,neutre,modere,moyenne,non_applicable,non_applicable,non_applicable
477,[fable],Speaker sounds like they are telling a moral fable,Genre,6,2,genre_narratif,neutre,modere,moyenne,non_applicable,non_applicable,non_applicable
196,[factory hum],Speaker sounds like they are in a factory with machinery,Environment,4,1,environnement_acoustique,neutre,modere,non_applicable,non_applicable,non_applicable,non_applicable
197,[factory machinery],Speaker sounds like they are hearing industrial machinery,Environment,14,4,environnement_acoustique,neutre,modere,non_applicable,non_applicable,non_applicable,non_applicable
1452,[factual],Speaker speaks with just facts,Styles,7,2,style_parole,neutre,modere,moyenne,non_applicable,non_applicable,non_applicable
249,[faint],Speaker sounds like they are about to faint,Body States,6,2,etat_physique,neutre,subtil,moyenne,sensation,non_applicable,non_applicable
1493,[faint],Barely audible delivery,Rhythm,15,5,rythme_tempo,neutre,subtil,moyenne,sensation,non_applicable,non_applicable
476,[fairy tale],Speaker sounds like they are in a fairy tale story,Genre,11,3,genre_narratif,neutre,modere,moyenne,non_applicable,non_applicable,non_applicable
375,[fairytale style],Speaker uses classic fairytale narrative,Narrative,12,4,narration,neutre,modere,moyenne,non_applicable,non_applicable,non_applicable
633,[falling clarity],Speaker becomes less clear as they speak,Dialogue,6,2,dialogue,neutre,modere,moyenne,non_applicable,non_applicable,non_applicable
668,[falling echo],Speaker's echo falls in intensity,Dialogue,9,3,dialogue,neutre,modere,moyenne,non_applicable,non_applicable,non_applicable
1013,[false disclaimer],Speaker gives fake disclaimers for comedy,Humor,11,3,humour,neutre,modere,moyenne,non_applicable,non_applicable,non_applicable
521,[family drama],Speaker sounds like they are in a family drama,Genre,12,3,genre_narratif,neutre,modere,moyenne,non_applicable,non_applicable,non_applicable
551,[family-friendly fantasy],Speaker sounds like they are in family-friendly fantasy,Genre,12,3,genre_narratif,neutre,modere,moyenne,non_applicable,non_applicable,non_applicable
469,[fantasy],Speaker sounds like they are in a fantasy setting,Genre,8,2,genre_narratif,neutre,modere,moyenne,non_applicable,non_applicable,non_applicable
949,[fart joke],Speaker makes crude bodily function humor,Humor,12,4,humour,neutre,modere,moyenne,non_applicable,non_applicable,non_applicable
1587,[fart],Bodily gas sound,Vocal Effects,15,5,vocalisation_non_verbale,neutre,modere,moyenne,non_applicable,non_applicable,non_applicable
1326,[fast speaking],Speaker talks rapidly,Styles,12,4,style_parole,neutre,modere,haute,non_applicable,non_applicable,rapide
706,[fast-mo],Speaker sounds like fast motion effect,Effects,15,4,effet_technique,neutre,modere,haute,non_applicable,non_applicable,rapide
439,[fast-paced narration],Speaker uses rapid narrative pace,Narrative,4,1,narration,neutre,modere,haute,non_applicable,non_applicable,rapide
1458,[fast],Quick speaking pace,Rhythm,15,6,rythme_tempo,neutre,modere,haute,non_applicable,non_applicable,rapide
1462,[faster],Increasing speed,Rhythm,13,4,rythme_tempo,neutre,modere,moyenne,non_applicable,non_applicable,non_applicable
767,[fax beep],Speaker sounds like fax machine beep,Effects,5,1,effet_technique,neutre,modere,moyenne,non_applicable,non_applicable,non_applicable
1306,[fax machine],Sound of fax machine operating,Sound Effects,14,4,effet_sonore,neutre,modere,non_applicable,non_applicable,non_applicable,non_applicable
1734,[fearful],"Afraid, scared",Emotion,8,2,emotion,negatif,modere,moyenne,non_applicable,non_applicable,non_applicable
1279,[ferris wheel],Sound of ferris wheel turning,Sound Effects,8,2,effet_sonore,neutre,modere,non_applicable,non_applicable,non_applicable,non_applicable
270,[fidgeting],Speaker sounds like they are fidgeting,Body States,5,1,etat_physique,neutre,modere,moyenne,sensation,non_applicable,non_applicable
711,[filter sweep],Speaker sounds like filter sweep effect,Effects,10,3,effet_technique,neutre,modere,moyenne,non_applicable,non_applicable,non_applicable
1199,[fire crackling],Sound of fire crackling,Sound Effects,15,5,effet_sonore,neutre,modere,non_applicable,non_applicable,non_applicable,non_applicable
1281,[fireworks],Sound of fireworks exploding,Sound Effects,12,3,effet_sonore,neutre,modere,non_applicable,non_applicable,non_applicable,non_applicable
616,[firm affirmation],Speaker firmly affirms something,Dialogue,12,3,dialogue,neutre,fort,moyenne,non_applicable,non_applicable,non_applicable
618,[firm negation],Speaker firmly denies something,Dialogue,15,5,dialogue,neutre,fort,moyenne,non_applicable,non_applicable,non_applicable
490,[first contact],Speaker sounds like they are making first alien contact,Genre,8,2,genre_narratif,neutre,modere,moyenne,non_applicable,non_applicable,non_applicable
364,[first-person narrative],Speaker tells story from first-person perspective,Narrative,13,5,narration,neutre,modere,moyenne,non_applicable,non_applicable,non_applicable
720,[flanging],Speaker sounds like flanging effect,Effects,9,3,effet_technique,neutre,modere,moyenne,non_applicable,non_applicable,non_applicable
1148,[flashback sigh],Speaker releases a flashback sigh,Introspective,9,2,reflexif_interieur,neutre,modere,moyenne,respiration,non_applicable,non_applicable
368,[flashback tone],Speaker narrates flashback sequences,Narrative,14,4,narration,neutre,modere,moyenne,non_applicable,non_applicable,non_applicable
1147,[flashback tone],Speaker speaks in a flashback tone,Introspective,6,2,reflexif_interieur,neutre,modere,moyenne,non_applicable,non_applicable,non_applicable
1146,[flashback whisper],Speaker whispers a flashback,Introspective,14,4,reflexif_interieur,neutre,subtil,moyenne,non_applicable,non_applicable,non_applicable
369,[flashforward tone],Speaker narrates future events,Narrative,5,1,narration,neutre,modere,moyenne,non_applicable,non_applicable,non_applicable
1789,[flirtatious],Playfully romantic,Emotion,15,4,emotion,positif,modere,moyenne,non_applicable,non_applicable,non_applicable
998,[flirty joke],Speaker makes flirtatious humor,Humor,12,4,humour,neutre,modere,moyenne,non_applicable,non_applicable,non_applicable
1542,[floating],"Light, airy delivery",Rhythm,4,1,rythme_tempo,neutre,subtil,moyenne,non_applicable,aigue,non_applicable
1196,[flowing water],Sound of water flowing,Sound Effects,13,4,effet_sonore,neutre,modere,non_applicable,non_applicable,non_applicable,non_applicable
1361,[flowing],Speaker speaks with smooth continuity,Styles,7,2,style_parole,neutre,modere,moyenne,non_applicable,douce,non_applicable
1382,[fluid],Speaker speaks with smooth flow,Styles,12,4,style_parole,neutre,modere,moyenne,non_applicable,douce,non_applicable
1515,[fluid],"Smooth, flowing delivery",Rhythm,8,2,rythme_tempo,neutre,modere,moyenne,non_applicable,douce,non_applicable
298,[flushed],Speaker sounds like they are flushed,Body States,15,4,etat_physique,neutre,modere,moyenne,sensation,non_applicable,non_applicable
1300,[flute trill],Sound of flute trilling,Sound Effects,9,3,effet_sonore,neutre,modere,non_applicable,non_applicable,non_applicable,non_applicable
1259,[fly buzzing],Sound of fly buzzing,Sound Effects,5,1,effet_sonore,neutre,modere,non_applicable,non_applicable,non_applicable,non_applicable
25,[focused afternoon],Speaker sounds concentrated and attentive in the afternoon,Mood,10,3,humeur_tonale,neutre,modere,haute,non_applicable,non_applicable,matin
348,[focused glance],Speaker sounds like they are glancing with focus,Body States,9,3,etat_physique,neutre,modere,haute,sensation,non_applicable,non_applicable
1768,[focused],"Concentrated, attentive",Emotion,12,4,emotion,neutre,modere,haute,non_applicable,non_applicable,non_applicable
8,[foggy morning],Speaker sounds unclear and confused in the morning,Mood,15,5,humeur_tonale,neutre,modere,moyenne,non_applicable,non_applicable,matin
649,[foil interrupts],Opposing character interrupts,Dialogue,6,2,dialogue,neutre,modere,moyenne,non_applicable,non_applicable,non_applicable
310,[foot ache],Speaker sounds like their feet are aching,Body States,4,1,etat_physique,negatif,modere,moyenne,douleur,non_applicable,non_applicable
229,[footsteps hallway],Speaker sounds like they are hearing hallway footsteps,Environment,6,2,environnement_acoustique,neutre,modere,non_applicable,non_applicable,non_applicable,non_applicable
1191,[footsteps],Sound of footsteps walking,Sound Effects,13,4,effet_sonore,neutre,modere,non_applicable,non_applicable,non_applicable,non_applicable
1379,[forced],Speaker speaks with obvious effort,Styles,15,4,style_parole,neutre,modere,moyenne,non_applicable,non_applicable,non_applicable
466,[foreshadowing tone],Speaker hints at future events,Narrative,7,2,narration,neutre,modere,moyenne,non_applicable,non_applicable,non_applicable
118,[forest dusk],Speaker sounds like they are in a forest at dusk,Environment,15,5,environnement_acoustique,neutre,modere,non_applicable,non_applicable,non_applicable,soir
117,[forest midday],Speaker sounds like they are in a forest at midday,Environment,4,1,environnement_acoustique,neutre,modere,non_applicable,non_applicable,non_applicable,matin
116,[forest morning],Speaker sounds like they are in a forest during morning,Environment,12,4,environnement_acoustique,neutre,modere,non_applicable,non_applicable,non_applicable,matin
119,[forest night],Speaker sounds like they are in a forest at night,Environment,10,3,environnement_acoustique,neutre,modere,non_applicable,non_applicable,non_applicable,nuit
1331,[formal],Speaker uses formal speaking style,Styles,5,1,style_parole,neutre,modere,moyenne,non_applicable,non_applicable,non_applicable
428,[found footage style],Speaker uses discovered recording narrative,Narrative,8,2,narration,neutre,modere,moyenne,non_applicable,non_applicable,non_applicable
233,[fountain ambient],Speaker sounds like they are near a water fountain,Environment,5,1,environnement_acoustique,neutre,modere,non_applicable,non_applicable,non_applicable,non_applicable
962,[fourth-wall break],Speaker breaks character for comedic effect,Humor,6,1,humour,neutre,modere,moyenne,non_applicable,non_applicable,non_applicable
1777,[fragile],"Delicate, easily hurt",Emotion,9,2,emotion,negatif,subtil,moyenne,douleur,non_applicable,non_applicable
1002,[friendly tease],Speaker teases in a friendly way,Humor,10,3,humour,neutre,modere,moyenne,non_applicable,non_applicable,non_applicable
1256,[frog ribbit],Sound of frog croaking,Sound Effects,9,3,effet_sonore,neutre,modere,non_applicable,non_applicable,non_applicable,non_applicable
1718,[frustrated],"Blocked, hindered feeling",Emotion,4,1,emotion,negatif,modere,moyenne,non_applicable,non_applicable,non_applicable
201,[fuel station ambient],Speaker sounds like they are at a gas station,Environment,10,3,environnement_acoustique,neutre,modere,non_applicable,non_applicable,non_applicable,non_applicable
260,[full belly],Speaker sounds like they are full from eating,Body States,5,2,etat_physique,neutre,modere,moyenne,sensation,non_applicable,non_applicable
983,[fun fact aside],Speaker shares amusing trivia,Humor,6,1,humour,neutre,modere,moyenne,non_applicable,non_applicable,non_applicable
1721,[furious],Violently angry,Emotion,12,4,emotion,negatif,extreme,moyenne,non_applicable,non_applicable,non_applicable
1151,[future fear],Speaker conveys fear of the future,Introspective,6,1,reflexif_interieur,negatif,modere,moyenne,non_applicable,non_applicable,non_applicable
1152,[future hope],Speaker conveys hope for the future,Introspective,8,2,reflexif_interieur,neutre,modere,moyenne,non_applicable,non_applicable,non_applicable
1153,[future reflection],Speaker reflects on the future,Introspective,13,4,reflexif_interieur,neutre,modere,moyenne,non_applicable,non_applicable,non_applicable
1154,[future uncertainty],Speaker conveys future uncertainty,Introspective,12,3,reflexif_interieur,neutre,modere,moyenne,non_applicable,non_applicable,non_applicable
1638,[gag],Throat reflex sound,Vocal Effects,12,3,vocalisation_non_verbale,neutre,modere,moyenne,non_applicable,non_applicable,non_applicable
1614,[gah],Frustration exclamation,Vocal Effects,11,3,vocalisation_non_verbale,negatif,modere,moyenne,non_applicable,non_applicable,non_applicable
773,[gameboy voice],Speaker sounds like Game Boy audio,Effects,13,4,effet_technique,neutre,modere,moyenne,non_applicable,non_applicable,non_applicable
234,[garden birds],Speaker sounds like they are hearing birds in a garden,Environment,15,5,environnement_acoustique,neutre,modere,non_applicable,non_applicable,non_applicable,non_applicable
1636,[gargle],Throat liquid sound,Vocal Effects,7,2,vocalisation_non_verbale,neutre,modere,moyenne,non_applicable,non_applicable,non_applicable
308,[gas pain],Speaker sounds like they have gas pain,Body States,13,4,etat_physique,negatif,modere,moyenne,douleur,non_applicable,non_applicable
1547,[gasp],Sharp intake of breath,Vocal Effects,7,2,vocalisation_non_verbale,neutre,modere,moyenne,respiration,aigue,non_applicable
1569,[gasping],Struggling for air,Vocal Effects,7,2,vocalisation_non_verbale,neutre,modere,moyenne,respiration,non_applicable,non_applicable
808,[gear shift],Speaker sounds like gear shifting,Effects,6,1,effet_technique,neutre,modere,moyenne,non_applicable,non_applicable,non_applicable
1006,[geek joke],Speaker makes geeky humor references,Humor,6,1,humour,neutre,modere,moyenne,non_applicable,non_applicable,non_applicable
653,[gentle interjection],Speaker makes a gentle interjection,Dialogue,15,5,dialogue,positif,subtil,moyenne,non_applicable,douce,lent
1351,[gentle],Speaker speaks softly and kindly,Styles,14,4,style_parole,positif,subtil,moyenne,non_applicable,douce,lent
1710,[gentle],"Kind, mild-mannered",Emotion,10,3,emotion,positif,subtil,moyenne,non_applicable,douce,lent
780,[ghost echo],Speaker sounds like ghostly echo effect,Effects,12,4,effet_technique,neutre,modere,moyenne,non_applicable,non_applicable,non_applicable
416,[ghost story tone],Speaker uses spooky ghost story narrative,Narrative,6,1,narration,neutre,modere,moyenne,non_applicable,non_applicable,non_applicable
563,[ghost story],Speaker sounds like they are in a ghost story,Genre,15,4,genre_narratif,neutre,modere,moyenne,non_applicable,non_applicable,non_applicable
181,[ghostly ambient],Speaker sounds like they are in a spooky atmosphere,Environment,8,2,environnement_acoustique,neutre,modere,non_applicable,non_applicable,non_applicable,non_applicable
931,[giggle fit],Speaker breaks into uncontrolled giggling,Humor,9,2,humour,positif,subtil,moyenne,non_applicable,non_applicable,non_applicable
1559,[giggle],"Light, playful laugh",Vocal Effects,9,3,vocalisation_non_verbale,positif,subtil,moyenne,non_applicable,aigue,non_applicable
1202,[glass breaking],Sound of glass shattering,Sound Effects,9,3,effet_sonore,neutre,modere,non_applicable,non_applicable,non_applicable,non_applicable
693,[glitch],Speaker sounds like digital glitch effect,Effects,7,2,effet_technique,neutre,modere,moyenne,non_applicable,non_applicable,non_applicable
1270,[golf club swing],Sound of golf club swinging,Sound Effects,8,2,effet_sonore,neutre,modere,non_applicable,non_applicable,non_applicable,non_applicable
301,[goosebumps],Speaker sounds like they have goosebumps,Body States,4,1,etat_physique,neutre,modere,moyenne,sensation,non_applicable,non_applicable
503,[gothic horror],Speaker sounds like they are in a gothic horror setting,Genre,5,1,genre_narratif,negatif,modere,moyenne,non_applicable,non_applicable,non_applicable
1443,[grammatical],Speaker speaks with correct grammar,Styles,11,3,style_parole,neutre,modere,moyenne,non_applicable,non_applicable,non_applicable
1288,[grandfather clock],Sound of grandfather clock chiming,Sound Effects,9,3,effet_sonore,neutre,modere,non_applicable,non_applicable,non_applicable,non_applicable
716,[granular],Speaker sounds like granular synthesis effect,Effects,4,1,effet_technique,neutre,modere,moyenne,non_applicable,non_applicable,non_applicable
1683,[grateful],"Thankful, appreciative",Emotion,11,3,emotion,positif,modere,moyenne,non_applicable,non_applicable,non_applicable
926,[groan joke],Speaker tells a joke that makes people groan,Humor,6,2,humour,neutre,modere,moyenne,non_applicable,non_applicable,non_applicable
1580,[groan],"Deep, strained sound",Vocal Effects,8,2,vocalisation_non_verbale,negatif,modere,moyenne,non_applicable,grave,non_applicable
4,[groggy morning],Speaker sounds sluggish and disoriented in the morning,Mood,13,4,humeur_tonale,neutre,modere,basse,non_applicable,non_applicable,matin
1068,[growing acceptance],Speaker conveys growing acceptance,Introspective,15,4,reflexif_interieur,neutre,modere,moyenne,non_applicable,non_applicable,non_applicable
1594,[growl],"Low, threatening sound",Vocal Effects,13,4,vocalisation_non_verbale,negatif,modere,moyenne,non_applicable,grave,non_applicable
1579,[grunt],"Short, rough sound",Vocal Effects,10,3,vocalisation_non_verbale,neutre,modere,moyenne,non_applicable,dure,non_applicable
1103,[guarded reflection],Speaker conveys guarded reflection,Introspective,7,2,reflexif_interieur,neutre,subtil,moyenne,non_applicable,non_applicable,non_applicable
1104,[guarded tone],Speaker speaks with a guarded tone,Introspective,6,2,reflexif_interieur,neutre,subtil,moyenne,non_applicable,non_applicable,non_applicable
1675,[guffaw],"Loud, hearty laugh",Vocal Effects,9,3,vocalisation_non_verbale,positif,fort,moyenne,non_applicable,non_applicable,non_applicable
1751,[guilty],"Remorseful, responsible",Emotion,8,2,emotion,negatif,modere,moyenne,non_applicable,non_applicable,non_applicable
1293,[guitar strum],Sound of guitar being strummed,Sound Effects,6,2,effet_sonore,neutre,modere,non_applicable,non_applicable,non_applicable,non_applicable
1548,[gulp],Swallowing sound,Vocal Effects,14,4,vocalisation_non_verbale,neutre,modere,moyenne,non_applicable,non_applicable,non_applicable
1166,[gunshot],Sound of gunshot firing,Sound Effects,8,2,effet_sonore,neutre,modere,non_applicable,non_applicable,non_applicable,non_applicable
158,[gusting wind],Speaker sounds like they are experiencing gusting wind,Environment,15,5,environnement_acoustique,neutre,modere,non_applicable,douleur,non_applicable,non_applicable
1214,[hair dryer],Sound of hair dryer running,Sound Effects,7,1,effet_sonore,neutre,modere,non_applicable,non_applicable,non_applicable,non_applicable
302,[hair standing],Speaker sounds like their hair is standing up,Body States,15,4,etat_physique,neutre,modere,moyenne,sensation,non_applicable,non_applicable
1362,[halting],Speaker speaks with frequent stops,Styles,11,3,style_parole,neutre,modere,moyenne,non_applicable,non_applicable,non_applicable
1481,[halting],Stopping and starting,Rhythm,14,4,rythme_tempo,neutre,modere,moyenne,non_applicable,non_applicable,non_applicable
1216,[hammer hitting],Sound of hammer hitting nail,Sound Effects,10,3,effet_sonore,neutre,modere,non_applicable,non_applicable,non_applicable,non_applicable
199,[hammering],Speaker sounds like they are hearing hammering sounds,Environment,6,2,environnement_acoustique,neutre,modere,non_applicable,non_applicable,non_applicable,non_applicable
1676,[happy],"Joyful, positive mood",Emotion,12,4,emotion,positif,modere,moyenne,non_applicable,non_applicable,non_applicable
165,[harbor],Speaker sounds like they are in a harbor environment,Environment,6,2,environnement_acoustique,neutre,modere,non_applicable,non_applicable,non_applicable,non_applicable
487,[hard sci-fi],Speaker sounds like they are in a realistic sci-fi world,Genre,12,4,genre_narratif,neutre,modere,moyenne,non_applicable,non_applicable,non_applicable
496,[hard-boiled],Speaker sounds like they are in a hard-boiled detective story,Genre,4,1,genre_narratif,neutre,modere,moyenne,non_applicable,non_applicable,non_applicable
737,[hard‑clip],Speaker sounds like hard clipped audio,Effects,12,4,effet_technique,neutre,modere,moyenne,non_applicable,non_applicable,non_applicable
1299,[harmonica],Sound of harmonica playing,Sound Effects,5,1,effet_sonore,neutre,modere,non_applicable,non_applicable,non_applicable,non_applicable
726,[harmonizer],Speaker sounds like harmonizer effect,Effects,15,5,effet_technique,neutre,modere,moyenne,non_applicable,non_applicable,non_applicable
654,[harsh interjection],Speaker makes a harsh interjection,Dialogue,12,3,dialogue,negatif,modere,moyenne,non_applicable,dure,non_applicable
1350,[harsh],Speaker speaks with rough vocal quality,Styles,8,2,style_parole,negatif,modere,moyenne,non_applicable,dure,non_applicable
182,[haunted house],Speaker sounds like they are in a haunted house,Environment,13,4,environnement_acoustique,neutre,modere,non_applicable,non_applicable,non_applicable,non_applicable
781,[haunted reverb],Speaker sounds like haunted reverb effect,Effects,15,4,effet_technique,neutre,modere,moyenne,non_applicable,non_applicable,non_applicable
12,[hazy midday],Speaker sounds unclear and unfocused at midday,Mood,12,4,humeur_tonale,neutre,modere,haute,non_applicable,non_applicable,matin
331,[head tilt],Speaker sounds like they are tilting their head,Body States,11,3,etat_physique,neutre,modere,moyenne,douleur,non_applicable,non_applicable
276,[headache],Speaker sounds like they have a headache,Body States,12,4,etat_physique,neutre,modere,moyenne,sensation,non_applicable,non_applicable
246,[heart pounding],Speaker sounds like their heart is beating strongly,Body States,9,3,etat_physique,neutre,fort,moyenne,sensation,non_applicable,non_applicable
245,[heart racing],Speaker sounds like their heart is beating fast,Body States,5,1,etat_physique,neutre,modere,haute,sensation,non_applicable,rapide
1193,[heartbeat],Sound of heartbeat pounding,Sound Effects,5,1,effet_sonore,neutre,modere,non_applicable,non_applicable,non_applicable,non_applicable
1713,[heartbroken],"Deeply hurt, devastated",Emotion,6,1,emotion,negatif,fort,moyenne,douleur,non_applicable,non_applicable
1062,[heartfelt pause],Speaker pauses with heartfelt emotion,Introspective,9,2,reflexif_interieur,neutre,modere,moyenne,non_applicable,non_applicable,non_applicable
1063,[heartfelt realization],Speaker conveys a heartfelt realization,Introspective,6,2,reflexif_interieur,neutre,modere,moyenne,non_applicable,non_applicable,non_applicable
1061,[heartfelt reflection],Speaker conveys heartfelt reflection,Introspective,13,4,reflexif_interieur,neutre,modere,moyenne,non_applicable,non_applicable,non_applicable
305,[heat wave],Speaker sounds like they are experiencing heat,Body States,6,2,etat_physique,neutre,modere,moyenne,sensation,non_applicable,non_applicable
1592,[heavy breathing],Labored respiration,Vocal Effects,13,4,vocalisation_non_verbale,negatif,modere,moyenne,respiration,grave,non_applicable
1550,[heavy sigh],"Deep, weary exhale",Vocal Effects,6,2,vocalisation_non_verbale,negatif,modere,basse,respiration,grave,non_applicable
1645,[heh],Mild amusement,Vocal Effects,6,1,vocalisation_non_verbale,neutre,subtil,moyenne,non_applicable,non_applicable,non_applicable
1175,[helicopter],Sound of helicopter blades rotating,Sound Effects,11,3,effet_sonore,neutre,modere,non_applicable,non_applicable,non_applicable,non_applicable
1496,[hesitant],"Uncertain, cautious timing",Rhythm,9,3,rythme_tempo,neutre,subtil,moyenne,non_applicable,non_applicable,non_applicable
586,[hesitates],Speaker hesitates while speaking,Dialogue,15,5,dialogue,neutre,modere,moyenne,non_applicable,non_applicable,non_applicable
754,[hi‑fi],Speaker sounds hi-fi processed,Effects,9,3,effet_technique,neutre,modere,moyenne,non_applicable,non_applicable,non_applicable
1627,[hiccup],Involuntary diaphragm spasm,Vocal Effects,6,1,vocalisation_non_verbale,neutre,modere,moyenne,douleur,non_applicable,non_applicable
262,[hiccuping],Speaker sounds like they have hiccups,Body States,14,4,etat_physique,neutre,modere,moyenne,sensation,non_applicable,non_applicable
1628,[hiccups],Repeated hiccup sounds,Vocal Effects,6,2,vocalisation_non_verbale,neutre,modere,moyenne,non_applicable,non_applicable,non_applicable
1066,[hidden regret],Speaker reveals hidden regret,Introspective,15,5,reflexif_interieur,negatif,modere,moyenne,non_applicable,non_applicable,non_applicable
1067,[hidden shame],Speaker reveals hidden shame,Introspective,14,4,reflexif_interieur,neutre,modere,moyenne,non_applicable,non_applicable,non_applicable
470,[high fantasy],Speaker sounds like they are in an epic fantasy world,Genre,5,1,genre_narratif,neutre,modere,moyenne,non_applicable,aigue,non_applicable
713,[high pass filter],Speaker sounds like high pass filtered,Effects,11,3,effet_technique,neutre,modere,moyenne,non_applicable,aigue,non_applicable
1252,[hiking boots],Sound of hiking boots on trail,Sound Effects,12,4,effet_sonore,neutre,modere,non_applicable,non_applicable,non_applicable,non_applicable
520,[historical drama],Speaker sounds like they are in a historical drama,Genre,10,3,genre_narratif,neutre,modere,moyenne,non_applicable,non_applicable,non_applicable
378,[historical recount],Speaker narrates historical events,Narrative,13,4,narration,neutre,modere,moyenne,non_applicable,non_applicable,non_applicable
1610,[hmm!],Surprised consideration,Vocal Effects,14,4,vocalisation_non_verbale,neutre,modere,moyenne,non_applicable,non_applicable,non_applicable
1572,[hmm],Thoughtful expression,Vocal Effects,14,4,vocalisation_non_verbale,neutre,modere,moyenne,non_applicable,non_applicable,non_applicable
1310,[hole punch],Sound of hole punch punching,Sound Effects,5,1,effet_sonore,neutre,modere,non_applicable,non_applicable,non_applicable,non_applicable
1709,[honest],"Truthful, straightforward",Emotion,5,1,emotion,ambivalent,modere,moyenne,non_applicable,non_applicable,non_applicable
1671,[hooray],Victory cheer,Vocal Effects,12,4,vocalisation_non_verbale,positif,modere,moyenne,non_applicable,non_applicable,non_applicable
459,[hopeful narration],Speaker uses optimistic narrative tone,Narrative,9,3,narration,positif,modere,moyenne,non_applicable,non_applicable,non_applicable
1092,[hopeful reflection],Speaker conveys hopeful reflection,Introspective,5,1,reflexif_interieur,positif,modere,moyenne,non_applicable,non_applicable,non_applicable
1093,[hopeful sigh],Speaker releases a hopeful sigh,Introspective,9,2,reflexif_interieur,positif,modere,moyenne,respiration,non_applicable,non_applicable
1094,[hopeful tone],Speaker speaks with a hopeful tone,Introspective,12,3,reflexif_interieur,positif,modere,moyenne,non_applicable,non_applicable,non_applicable
1753,[hopeful],Optimistic expectation,Emotion,14,4,emotion,positif,modere,moyenne,non_applicable,non_applicable,non_applicable
415,[horror narration],Speaker uses scary horror narrative,Narrative,6,1,narration,neutre,modere,moyenne,non_applicable,non_applicable,non_applicable
1242,[horse galloping],Sound of horse galloping,Sound Effects,6,2,effet_sonore,neutre,modere,non_applicable,non_applicable,non_applicable,non_applicable
1184,[horse neighing],Sound of horse neighing,Sound Effects,8,2,effet_sonore,neutre,modere,non_applicable,non_applicable,non_applicable,non_applicable
191,[hospital ambient],Speaker sounds like they are in a hospital environment,Environment,7,2,environnement_acoustique,neutre,modere,non_applicable,non_applicable,non_applicable,non_applicable
193,[hospital announcement],Speaker sounds like they are hearing hospital announcements,Environment,6,1,environnement_acoustique,neutre,modere,non_applicable,non_applicable,non_applicable,non_applicable
194,[hospital footsteps],Speaker sounds like they are hearing footsteps in a hospital,Environment,8,2,environnement_acoustique,neutre,modere,non_applicable,non_applicable,non_applicable,non_applicable
195,[hospital intercom],Speaker sounds like they are hearing hospital intercom,Environment,9,2,environnement_acoustique,neutre,modere,non_applicable,non_applicable,non_applicable,non_applicable
192,[hospital monitors],Speaker sounds like they are hearing medical equipment,Environment,10,3,environnement_acoustique,neutre,modere,non_applicable,non_applicable,non_applicable,non_applicable
1571,[hum],Melodic vocal tone,Vocal Effects,13,4,vocalisation_non_verbale,neutre,modere,moyenne,non_applicable,douce,non_applicable
1374,[human],Speaker speaks naturally and warmly,Styles,6,2,style_parole,neutre,modere,moyenne,non_applicable,non_applicable,non_applicable
1803,[humble],"Modest, unassuming",Emotion,5,1,emotion,ambivalent,modere,moyenne,non_applicable,non_applicable,non_applicable
655,[humorous interruption],Speaker interrupts with humor,Dialogue,8,2,dialogue,neutre,modere,moyenne,non_applicable,non_applicable,non_applicable
452,[humorous narration],Speaker uses funny narrative approach,Narrative,9,3,narration,neutre,modere,moyenne,non_applicable,non_applicable,non_applicable
252,[hunched],Speaker sounds like they are in a hunched posture,Body States,8,2,etat_physique,neutre,modere,moyenne,sensation,non_applicable,non_applicable
259,[hungry grumbling],Speaker sounds like their stomach is grumbling from hunger,Body States,14,4,etat_physique,neutre,modere,moyenne,douleur,grave,non_applicable
19,[hungry midday],Speaker sounds eager and anticipatory at midday,Mood,4,1,humeur_tonale,positif,modere,haute,non_applicable,non_applicable,matin
1460,[hurried],Fast-paced with anxiety,Rhythm,5,1,rythme_tempo,neutre,modere,haute,non_applicable,non_applicable,rapide
922,[hyperbole],Speaker uses exaggerated humor for comedic effect,Humor,9,2,humour,neutre,modere,tres_haute,non_applicable,non_applicable,non_applicable
1234,[ice cubes],Sound of ice cubes dropping in glass,Sound Effects,4,1,effet_sonore,neutre,modere,non_applicable,non_applicable,non_applicable,non_applicable
1665,[ick],Disgust expression,Vocal Effects,11,3,vocalisation_non_verbale,negatif,modere,moyenne,non_applicable,non_applicable,non_applicable
1800,[impatient],"Restless, eager",Emotion,9,3,emotion,positif,modere,haute,non_applicable,non_applicable,non_applicable
940,[improvised joke],Speaker makes up humor on the spot,Humor,4,1,humour,neutre,modere,moyenne,non_applicable,non_applicable,non_applicable
1414,[improvised],Speaker speaks spontaneously,Styles,5,1,style_parole,neutre,modere,moyenne,non_applicable,non_applicable,non_applicable
1780,[indifferent],"Uncaring, neutral",Emotion,12,4,emotion,neutre,modere,moyenne,non_applicable,non_applicable,non_applicable
355,[informative style],Speaker uses an educational narrative tone,Narrative,12,4,narration,neutre,modere,moyenne,non_applicable,non_applicable,non_applicable
1129,[inner answer],Speaker offers an inner answer,Introspective,14,4,reflexif_interieur,neutre,modere,moyenne,non_applicable,non_applicable,non_applicable
1037,[inner calm],Speaker conveys inner calm and serenity,Introspective,12,4,reflexif_interieur,neutre,modere,basse,non_applicable,non_applicable,non_applicable
1048,[inner conflict],Speaker conveys inner conflict and struggle,Introspective,11,3,reflexif_interieur,neutre,modere,moyenne,non_applicable,non_applicable,non_applicable
1131,[inner conflict],Speaker expresses inner conflict,Introspective,7,2,reflexif_interieur,neutre,modere,moyenne,non_applicable,non_applicable,non_applicable
1126,[inner dialogue],Speaker engages in inner dialogue,Introspective,6,1,reflexif_interieur,neutre,modere,moyenne,non_applicable,non_applicable,non_applicable
1130,[inner doubt],Speaker expresses inner doubt,Introspective,9,3,reflexif_interieur,neutre,modere,moyenne,non_applicable,non_applicable,non_applicable
1127,[inner monologue tone],Speaker speaks in an inner monologue tone,Introspective,6,2,reflexif_interieur,neutre,modere,moyenne,non_applicable,non_applicable,non_applicable
370,[inner monologue],Speaker voices internal thoughts,Narrative,12,3,narration,neutre,modere,moyenne,non_applicable,non_applicable,non_applicable
1132,[inner pain],Speaker expresses inner pain,Introspective,10,3,reflexif_interieur,negatif,modere,moyenne,douleur,non_applicable,non_applicable
1047,[inner peace],Speaker conveys inner peace and harmony,Introspective,13,4,reflexif_interieur,neutre,modere,moyenne,non_applicable,non_applicable,non_applicable
1128,[inner question],Speaker poses an inner question,Introspective,8,2,reflexif_interieur,neutre,modere,moyenne,non_applicable,non_applicable,non_applicable
1133,[inner resolve],Speaker expresses inner resolve,Introspective,9,3,reflexif_interieur,neutre,modere,moyenne,non_applicable,non_applicable,non_applicable
1134,[inner strength],Speaker expresses inner strength,Introspective,9,2,reflexif_interieur,neutre,modere,moyenne,non_applicable,non_applicable,non_applicable
1038,[inner turmoil],Speaker conveys inner turmoil and conflict,Introspective,14,4,reflexif_interieur,neutre,modere,moyenne,non_applicable,non_applicable,non_applicable
1135,[inner weakness],Speaker expresses inner weakness,Introspective,5,1,reflexif_interieur,neutre,modere,moyenne,non_applicable,non_applicable,non_applicable
1791,[innocent],"Pure, naive",Emotion,10,3,emotion,ambivalent,extreme,moyenne,non_applicable,non_applicable,non_applicable
599,[inquires],Speaker makes an inquiry,Dialogue,8,2,dialogue,neutre,modere,moyenne,non_applicable,non_applicable,non_applicable
1742,[inquisitive],Eager to learn,Emotion,9,2,emotion,positif,modere,haute,non_applicable,non_applicable,non_applicable
1008,[inside joke],Speaker makes humor only certain people understand,Humor,10,3,humour,neutre,modere,moyenne,non_applicable,non_applicable,non_applicable
603,[insists],Speaker insists on something,Dialogue,12,3,dialogue,neutre,modere,moyenne,non_applicable,non_applicable,non_applicable
1766,[inspired],Creatively energized,Emotion,5,1,emotion,positif,modere,moyenne,non_applicable,non_applicable,non_applicable
458,[inspiring tone],Speaker uses motivational narrative,Narrative,7,2,narration,neutre,modere,moyenne,non_applicable,non_applicable,non_applicable
386,[instructional tone],Speaker uses how-to narrative style,Narrative,12,4,narration,neutre,modere,moyenne,non_applicable,non_applicable,non_applicable
672,[interrupted thought],Speaker's thought gets interrupted,Dialogue,5,1,dialogue,neutre,modere,moyenne,non_applicable,non_applicable,non_applicable
626,[interruptive cough],Speaker coughs while interrupting,Dialogue,12,3,dialogue,neutre,modere,moyenne,non_applicable,non_applicable,non_applicable
625,[interruptive gasp],Speaker gasps while interrupting,Dialogue,12,3,dialogue,neutre,modere,moyenne,respiration,non_applicable,non_applicable
580,[interrupts],Speaker interrupts another speaker,Dialogue,14,4,dialogue,neutre,modere,moyenne,non_applicable,non_applicable,non_applicable
382,[interview style],Speaker uses interview narrative format,Narrative,12,3,narration,neutre,modere,moyenne,non_applicable,non_applicable,non_applicable
1393,[intimate whisper],Speaker whispers intimately,Styles,9,3,style_parole,neutre,subtil,moyenne,non_applicable,non_applicable,non_applicable
1369,[intimate],Speaker speaks closely and personally,Styles,7,2,style_parole,neutre,modere,moyenne,non_applicable,non_applicable,non_applicable
1802,[intolerant],Unwilling to accept,Emotion,7,2,emotion,ambivalent,modere,moyenne,non_applicable,non_applicable,non_applicable
29,[introspective afternoon],Speaker sounds reflective and self-examining in the afternoon,Mood,6,2,humeur_tonale,neutre,modere,moyenne,non_applicable,non_applicable,matin
1124,[introspective hum],Speaker hums introspectively,Introspective,15,4,reflexif_interieur,neutre,modere,moyenne,non_applicable,non_applicable,non_applicable
1123,[introspective sigh],Speaker releases an introspective sigh,Introspective,15,4,reflexif_interieur,neutre,modere,moyenne,respiration,non_applicable,non_applicable
1122,[introspective silence],Speaker rests in introspective silence,Introspective,6,1,reflexif_interieur,neutre,modere,moyenne,non_applicable,non_applicable,non_applicable
1125,[introspective tone],Speaker speaks with an introspective tone,Introspective,12,3,reflexif_interieur,neutre,modere,moyenne,non_applicable,non_applicable,non_applicable
943,[ironic gasp],Speaker gasps ironically for comedic effect,Humor,6,2,humour,neutre,modere,moyenne,respiration,non_applicable,non_applicable
1514,[ironic rhythm],Contradictory pace,Rhythm,8,2,rythme_tempo,neutre,modere,moyenne,non_applicable,non_applicable,non_applicable
419,[ironical tone],Speaker uses ironic narrative approach,Narrative,6,1,narration,neutre,modere,moyenne,non_applicable,non_applicable,non_applicable
984,[irreverent aside],Speaker makes irreverent humorous comments,Humor,10,3,humour,neutre,modere,moyenne,non_applicable,non_applicable,non_applicable
1716,[irritated],Mildly annoyed,Emotion,6,1,emotion,negatif,modere,moyenne,non_applicable,non_applicable,non_applicable
795,[isolated mic],Speaker sounds like isolated microphone,Effects,9,3,effet_technique,neutre,modere,moyenne,non_applicable,non_applicable,non_applicable
1113,[isolated tone],Speaker speaks with an isolated tone,Introspective,7,2,reflexif_interieur,neutre,modere,moyenne,non_applicable,non_applicable,non_applicable
1112,[isolated whisper],Speaker whispers in isolation,Introspective,11,3,reflexif_interieur,neutre,subtil,moyenne,non_applicable,non_applicable,non_applicable
287,[itching],Speaker sounds like they are itching,Body States,6,2,etat_physique,neutre,modere,moyenne,sensation,non_applicable,non_applicable
315,[jaw clench],Speaker sounds like they are clenching their jaw,Body States,8,2,etat_physique,neutre,modere,moyenne,sensation,non_applicable,non_applicable
526,[jazz musical],Speaker sounds like they are in a jazz musical,Genre,11,3,genre_narratif,neutre,modere,moyenne,non_applicable,douce,non_applicable
784,[jazz tape],Speaker sounds like jazz tape effect,Effects,8,2,effet_technique,neutre,modere,moyenne,non_applicable,non_applicable,non_applicable
1501,[jazzy rhythm],"Musical, improvised flow",Rhythm,12,4,rythme_tempo,neutre,modere,moyenne,non_applicable,douce,non_applicable
1722,[jealous],"Envious, possessive",Emotion,5,1,emotion,negatif,modere,moyenne,non_applicable,non_applicable,non_applicable
1383,[jerky],Speaker speaks with uneven rhythm,Styles,6,2,style_parole,neutre,modere,moyenne,non_applicable,non_applicable,non_applicable
269,[jittery],Speaker sounds like they are nervous and jittery,Body States,9,3,etat_physique,negatif,modere,moyenne,sensation,non_applicable,non_applicable
946,[joke setup],Speaker sets up a joke with proper buildup,Humor,12,4,humour,neutre,modere,moyenne,non_applicable,non_applicable,non_applicable
380,[journal entry tone],Speaker sounds like reading a diary,Narrative,4,1,narration,neutre,modere,moyenne,non_applicable,non_applicable,non_applicable
1677,[joyful],Pure happiness and delight,Emotion,9,2,emotion,positif,extreme,moyenne,non_applicable,aigue,non_applicable
1764,[jubilant],Triumphantly joyful,Emotion,7,2,emotion,positif,modere,moyenne,non_applicable,non_applicable,non_applicable
1223,[kettle whistle],Sound of kettle whistling,Sound Effects,14,4,effet_sonore,neutre,modere,non_applicable,non_applicable,non_applicable,non_applicable
1225,[key turning],Sound of key turning in lock,Sound Effects,9,2,effet_sonore,neutre,modere,non_applicable,non_applicable,non_applicable,non_applicable
407,[kids story tone],Speaker uses child-friendly narrative,Narrative,6,2,narration,neutre,modere,moyenne,non_applicable,non_applicable,non_applicable
1633,[kiss],Lip smacking sound,Vocal Effects,9,2,vocalisation_non_verbale,neutre,modere,moyenne,non_applicable,non_applicable,non_applicable
324,[knee knock],Speaker sounds like their knees are knocking,Body States,8,2,etat_physique,neutre,modere,moyenne,douleur,non_applicable,non_applicable
958,[knock-knock joke],Speaker tells a knock-knock joke,Humor,6,1,humour,neutre,modere,moyenne,non_applicable,non_applicable,non_applicable
314,[knuckles cracking],Speaker sounds like they are cracking their knuckles,Body States,8,2,etat_physique,neutre,modere,moyenne,sensation,non_applicable,non_applicable
1381,[labored],Speaker speaks with difficulty,Styles,5,1,style_parole,negatif,modere,moyenne,non_applicable,non_applicable,non_applicable
1346,[languid],Speaker speaks slowly and lazily,Styles,6,2,style_parole,neutre,modere,moyenne,non_applicable,non_applicable,non_applicable
62,[late night determined],Speaker sounds focused and resolute late at night,Mood,10,3,humeur_tonale,neutre,modere,haute,non_applicable,non_applicable,nuit
66,[late night excited],Speaker sounds energetic and enthusiastic late at night,Mood,8,2,humeur_tonale,positif,fort,haute,non_applicable,non_applicable,nuit
65,[late night gloomy],Speaker sounds dark and pessimistic late at night,Mood,8,2,humeur_tonale,negatif,modere,moyenne,non_applicable,grave,nuit
64,[late night hopeful],Speaker sounds optimistic and expectant late at night,Mood,6,2,humeur_tonale,positif,modere,moyenne,non_applicable,non_applicable,nuit
63,[late night nostalgic],Speaker sounds sentimental and wistful late at night,Mood,11,3,humeur_tonale,neutre,modere,moyenne,non_applicable,non_applicable,nuit
61,[late night tired],Speaker sounds exhausted and weary late at night,Mood,5,1,humeur_tonale,negatif,modere,basse,non_applicable,non_applicable,nuit
1602,[laugh evil],"Menacing, dark laugh",Vocal Effects,5,1,vocalisation_non_verbale,ambivalent,modere,moyenne,non_applicable,grave,nuit
1604,[laugh joyful],"Happy, genuine laugh",Vocal Effects,14,4,vocalisation_non_verbale,positif,modere,moyenne,non_applicable,non_applicable,non_applicable
1603,[laugh nervous],"Anxious, uncertain laugh",Vocal Effects,9,3,vocalisation_non_verbale,ambivalent,modere,moyenne,non_applicable,non_applicable,non_applicable
927,[laugh track],Speaker sounds like canned television laughter,Humor,5,1,humour,positif,modere,moyenne,non_applicable,non_applicable,non_applicable
1597,[laugh track],Artificial audience laughter,Vocal Effects,11,3,vocalisation_non_verbale,positif,modere,moyenne,non_applicable,non_applicable,non_applicable
1601,[laugh wry],"Sarcastic, dry laugh",Vocal Effects,6,1,vocalisation_non_verbale,ambivalent,modere,moyenne,non_applicable,non_applicable,non_applicable
1557,[laugh],Joyful vocal expression,Vocal Effects,5,1,vocalisation_non_verbale,positif,modere,moyenne,non_applicable,non_applicable,non_applicable
612,[laughs interrupting],Speaker laughs while interrupting,Dialogue,8,2,dialogue,positif,modere,moyenne,non_applicable,non_applicable,non_applicable
659,[laughter break],Speaker breaks into laughter,Dialogue,5,1,dialogue,positif,modere,moyenne,non_applicable,non_applicable,non_applicable
1219,[lawnmower],Sound of lawnmower cutting grass,Sound Effects,6,1,effet_sonore,neutre,modere,non_applicable,non_applicable,non_applicable,non_applicable
1025,[lawyer joke],Speaker makes lawyer-related humor,Humor,11,3,humour,neutre,modere,moyenne,non_applicable,non_applicable,non_applicable
21,[lazy afternoon],Speaker sounds relaxed and unhurried in the afternoon,Mood,6,1,humeur_tonale,neutre,modere,basse,non_applicable,non_applicable,matin
159,[leaves rustling],Speaker sounds like they are hearing leaves in the wind,Environment,6,1,environnement_acoustique,neutre,modere,non_applicable,non_applicable,non_applicable,non_applicable
806,[LED buzz],Speaker sounds like LED buzzing,Effects,13,4,effet_technique,neutre,modere,moyenne,non_applicable,non_applicable,non_applicable
545,[legal drama],Speaker sounds like they are in a legal drama,Genre,5,1,genre_narratif,neutre,modere,moyenne,non_applicable,non_applicable,non_applicable
498,[legal thriller],Speaker sounds like they are in a legal thriller,Genre,9,3,genre_narratif,positif,modere,moyenne,non_applicable,non_applicable,non_applicable
393,[legal tone],Speaker uses formal legal narrative,Narrative,15,4,narration,neutre,modere,moyenne,non_applicable,non_applicable,non_applicable
1503,[legato],"Smooth, connected delivery",Rhythm,5,1,rythme_tempo,neutre,modere,moyenne,non_applicable,douce,non_applicable
478,[legend],Speaker sounds like they are recounting a legend,Genre,7,2,genre_narratif,neutre,modere,moyenne,non_applicable,non_applicable,non_applicable
377,[legendary tone],Speaker uses heroic legend narrative,Narrative,13,4,narration,neutre,modere,moyenne,non_applicable,non_applicable,non_applicable
1469,[leisurely],"Relaxed, unhurried pace",Rhythm,15,5,rythme_tempo,neutre,modere,basse,non_applicable,non_applicable,lent
22,[lethargic afternoon],Speaker sounds sluggish and low-energy in the afternoon,Mood,13,4,humeur_tonale,neutre,modere,basse,non_applicable,grave,matin
381,[letter reading],Speaker sounds like reading correspondence,Narrative,9,3,narration,neutre,modere,moyenne,non_applicable,non_applicable,non_applicable
226,[library ambient],Speaker sounds like they are in a quiet library,Environment,8,2,environnement_acoustique,neutre,subtil,basse,non_applicable,non_applicable,non_applicable
1584,[lick lips],Lip moistening sound,Vocal Effects,9,3,vocalisation_non_verbale,neutre,modere,moyenne,non_applicable,non_applicable,non_applicable
334,[lift heavy],Speaker sounds like they are lifting something heavy,Body States,6,1,etat_physique,neutre,modere,moyenne,sensation,grave,non_applicable
248,[lightheaded],Speaker sounds like they feel faint,Body States,15,4,etat_physique,neutre,subtil,moyenne,sensation,aigue,non_applicable
1169,[lightning crack],Sound of lightning striking,Sound Effects,4,1,effet_sonore,neutre,fort,non_applicable,non_applicable,aigue,non_applicable
1465,[lightning pace],Extremely rapid speech,Rhythm,10,3,rythme_tempo,neutre,extreme,haute,non_applicable,aigue,rapide
1404,[lilting],Speaker speaks with rising and falling tone,Styles,9,2,style_parole,neutre,modere,moyenne,non_applicable,non_applicable,non_applicable
343,[limp slowly],Speaker sounds like they are limping slowly,Body States,12,3,etat_physique,neutre,modere,moyenne,sensation,non_applicable,non_applicable
251,[limping],Speaker sounds like they are walking with a limp,Body States,12,4,etat_physique,neutre,modere,moyenne,sensation,non_applicable,non_applicable
1185,[lion roar],Sound of lion roaring,Sound Effects,6,2,effet_sonore,neutre,extreme,non_applicable,non_applicable,non_applicable,non_applicable
317,[lip biting],Speaker sounds like they are biting their lips,Body States,15,5,etat_physique,neutre,modere,moyenne,sensation,non_applicable,non_applicable
1389,[lisping],Speaker speaks with lisp,Styles,9,3,style_parole,neutre,modere,moyenne,non_applicable,non_applicable,non_applicable
812,[live mic pop],Speaker sounds like live microphone pop,Effects,6,1,effet_technique,neutre,modere,moyenne,non_applicable,non_applicable,non_applicable
761,[live stage echo],Speaker sounds like live stage echo,Effects,8,2,effet_technique,neutre,modere,moyenne,non_applicable,non_applicable,non_applicable
753,[lo‑fi],Speaker sounds lo-fi processed,Effects,12,3,effet_technique,neutre,modere,moyenne,non_applicable,non_applicable,non_applicable
532,[locked room],Speaker sounds like they are in a locked room mystery,Genre,9,3,genre_narratif,neutre,modere,moyenne,non_applicable,non_applicable,non_applicable
1250,[logs falling],Sound of logs falling,Sound Effects,9,3,effet_sonore,neutre,modere,non_applicable,non_applicable,non_applicable,non_applicable
1109,[lonely reflection],Speaker conveys lonely reflection,Introspective,10,3,reflexif_interieur,negatif,modere,moyenne,non_applicable,non_applicable,non_applicable
1110,[lonely sigh],Speaker releases a lonely sigh,Introspective,10,3,reflexif_interieur,negatif,modere,moyenne,respiration,non_applicable,non_applicable
1111,[lonely tone],Speaker speaks with a lonely tone,Introspective,10,3,reflexif_interieur,negatif,modere,moyenne,non_applicable,non_applicable,non_applicable
1715,[lonely],"Isolated, longing",Emotion,9,3,emotion,negatif,modere,moyenne,non_applicable,non_applicable,non_applicable
1479,[long pause],Extended silence,Rhythm,11,3,rythme_tempo,neutre,modere,moyenne,non_applicable,non_applicable,non_applicable
1748,[longing],"Deep desire, yearning",Emotion,8,2,emotion,ambivalent,modere,moyenne,non_applicable,grave,non_applicable
777,[looper delay],Speaker sounds like looper delay effect,Effects,6,2,effet_technique,neutre,modere,moyenne,non_applicable,non_applicable,non_applicable
712,[low pass filter],Speaker sounds like low pass filtered,Effects,14,4,effet_technique,neutre,modere,moyenne,non_applicable,grave,non_applicable
85,[lunchtime casual],Speaker sounds laid-back and informal at lunchtime,Mood,12,4,humeur_tonale,neutre,modere,basse,douleur,non_applicable,non_applicable
82,[lunchtime cheerful],Speaker sounds happy and upbeat at lunchtime,Mood,8,2,humeur_tonale,positif,modere,tres_haute,non_applicable,non_applicable,non_applicable
81,[lunchtime hungry],Speaker sounds eager and anticipatory at lunchtime,Mood,15,5,humeur_tonale,positif,modere,haute,non_applicable,non_applicable,non_applicable
83,[lunchtime relaxed],Speaker sounds calm and at ease at lunchtime,Mood,15,4,humeur_tonale,neutre,modere,basse,non_applicable,non_applicable,non_applicable
84,[lunchtime rushed],Speaker sounds hurried and pressed for time at lunchtime,Mood,12,3,humeur_tonale,neutre,modere,moyenne,non_applicable,non_applicable,rapide
1447,[lyrical],Speaker speaks with song-like quality,Styles,6,1,style_parole,neutre,modere,moyenne,non_applicable,non_applicable,non_applicable
807,[machine whir],Speaker sounds like machine whirring,Effects,11,3,effet_technique,neutre,modere,moyenne,non_applicable,non_applicable,non_applicable
1319,[magazine flip],Sound of magazine pages flipping,Sound Effects,12,3,effet_sonore,neutre,modere,non_applicable,non_applicable,non_applicable,non_applicable
558,[magical realism],Speaker sounds like they are in magical realism,Genre,15,4,genre_narratif,neutre,modere,moyenne,non_applicable,non_applicable,non_applicable
1412,[marching],Speaker speaks with military rhythm,Styles,12,3,style_parole,neutre,modere,moyenne,non_applicable,non_applicable,non_applicable
1229,[marker squeaking],Sound of marker on whiteboard,Sound Effects,13,4,effet_sonore,neutre,modere,non_applicable,non_applicable,non_applicable,non_applicable
146,[market ambient],Speaker sounds like they are in a marketplace environment,Environment,12,3,environnement_acoustique,neutre,modere,non_applicable,non_applicable,non_applicable,non_applicable
149,[market animal],Speaker sounds like they are in a market with animals,Environment,8,2,environnement_acoustique,neutre,modere,non_applicable,non_applicable,non_applicable,non_applicable
150,[market chatter],Speaker sounds like they are hearing market conversations,Environment,12,4,environnement_acoustique,neutre,modere,non_applicable,non_applicable,non_applicable,non_applicable
148,[market crowd],Speaker sounds like they are in a crowded market,Environment,5,1,environnement_acoustique,neutre,modere,non_applicable,non_applicable,non_applicable,non_applicable
147,[market vendor],Speaker sounds like they are near market vendors,Environment,14,4,environnement_acoustique,neutre,modere,non_applicable,non_applicable,non_applicable,non_applicable
1794,[mature],"Grown-up, developed",Emotion,9,2,emotion,ambivalent,modere,moyenne,non_applicable,non_applicable,non_applicable
437,[maximalist narration],"Speaker uses elaborate, detailed narrative",Narrative,5,1,narration,neutre,modere,moyenne,non_applicable,non_applicable,non_applicable
1160,[meaning found],Speaker conveys meaning found,Introspective,12,3,reflexif_interieur,neutre,modere,moyenne,non_applicable,non_applicable,non_applicable
1161,[meaning lost],Speaker conveys meaning lost,Introspective,7,2,reflexif_interieur,neutre,modere,moyenne,non_applicable,non_applicable,non_applicable
1159,[meaning search],Speaker searches for meaning,Introspective,6,2,reflexif_interieur,neutre,modere,moyenne,non_applicable,non_applicable,non_applicable
1342,[measured],Speaker speaks with careful pacing,Styles,13,4,style_parole,neutre,subtil,moyenne,non_applicable,non_applicable,lent
1470,[measured],"Careful, controlled timing",Rhythm,14,4,rythme_tempo,neutre,subtil,moyenne,non_applicable,non_applicable,lent
1373,[mechanical],Speaker speaks like a machine,Styles,15,4,style_parole,neutre,modere,moyenne,non_applicable,non_applicable,non_applicable
572,[medieval],Speaker sounds like they are in a medieval setting,Genre,14,4,genre_narratif,neutre,modere,moyenne,non_applicable,non_applicable,non_applicable
232,[meditation chant],Speaker sounds like they are hearing meditation chanting,Environment,6,2,environnement_acoustique,neutre,modere,non_applicable,non_applicable,non_applicable,non_applicable
405,[meditative reading],"Speaker uses peaceful, meditative narrative",Narrative,4,1,narration,neutre,modere,basse,non_applicable,non_applicable,non_applicable
1120,[meditative sigh],Speaker releases a meditative sigh,Introspective,4,1,reflexif_interieur,neutre,modere,moyenne,respiration,non_applicable,non_applicable
1119,[meditative silence],Speaker rests in meditative silence,Introspective,11,3,reflexif_interieur,neutre,modere,moyenne,non_applicable,non_applicable,non_applicable
1121,[meditative tone],Speaker speaks with a meditative tone,Introspective,15,5,reflexif_interieur,neutre,modere,moyenne,non_applicable,non_applicable,non_applicable
730,[megaphone],Speaker sounds like megaphone effect,Effects,9,2,effet_technique,neutre,modere,moyenne,non_applicable,non_applicable,non_applicable
1652,[meh],Indifferent expression,Vocal Effects,8,2,vocalisation_non_verbale,neutre,modere,moyenne,non_applicable,non_applicable,non_applicable
449,[melancholic narration],"Speaker uses sad, wistful narrative",Narrative,7,2,narration,neutre,modere,moyenne,non_applicable,non_applicable,non_applicable
1080,[melancholic reflection],Speaker conveys melancholic reflection,Introspective,15,4,reflexif_interieur,neutre,modere,moyenne,non_applicable,non_applicable,non_applicable
1081,[melancholic sigh],Speaker releases a melancholic sigh,Introspective,4,1,reflexif_interieur,neutre,modere,moyenne,respiration,non_applicable,non_applicable
1082,[melancholic tone],Speaker speaks with a melancholic tone,Introspective,7,2,reflexif_interieur,neutre,modere,moyenne,non_applicable,non_applicable,non_applicable
1711,[melancholic],"Sad, reflective",Emotion,12,4,emotion,neutre,modere,moyenne,non_applicable,non_applicable,non_applicable
1349,[melodic],Speaker speaks with musical intonation,Styles,11,3,style_parole,neutre,modere,moyenne,non_applicable,douce,non_applicable
1533,[melodic],Musical speech pattern,Rhythm,4,1,rythme_tempo,neutre,modere,moyenne,non_applicable,douce,non_applicable
1031,[meme reference],Speaker references internet memes humorously,Humor,5,1,humour,neutre,modere,moyenne,non_applicable,non_applicable,non_applicable
379,[memoir tone],Speaker uses personal memoir style,Narrative,15,5,narration,neutre,modere,moyenne,non_applicable,non_applicable,non_applicable
1143,[memory ache],Speaker conveys a memory ache,Introspective,4,1,reflexif_interieur,neutre,modere,moyenne,douleur,non_applicable,non_applicable
1145,[memory chill],Speaker conveys memory chill,Introspective,6,1,reflexif_interieur,neutre,modere,moyenne,sensation,non_applicable,non_applicable
1140,[memory echo],Speaker experiences a memory echo,Introspective,13,4,reflexif_interieur,neutre,modere,moyenne,non_applicable,non_applicable,non_applicable
1141,[memory flash],Speaker experiences a memory flash,Introspective,8,2,reflexif_interieur,neutre,modere,moyenne,non_applicable,non_applicable,non_applicable
1142,[memory pause],Speaker pauses on a memory,Introspective,11,3,reflexif_interieur,neutre,modere,moyenne,non_applicable,non_applicable,non_applicable
1144,[memory warmth],Speaker conveys memory warmth,Introspective,10,3,reflexif_interieur,neutre,modere,moyenne,non_applicable,non_applicable,non_applicable
1051,[mental block],Speaker conveys a mental block and frustration,Introspective,7,2,reflexif_interieur,negatif,modere,moyenne,non_applicable,non_applicable,non_applicable
1053,[mental chatter],Speaker conveys restless mental chatter,Introspective,13,4,reflexif_interieur,neutre,modere,moyenne,non_applicable,non_applicable,non_applicable
1050,[mental clarity],Speaker conveys mental clarity and focus,Introspective,12,4,reflexif_interieur,neutre,modere,moyenne,non_applicable,non_applicable,non_applicable
1139,[mental echo],Speaker experiences a mental echo,Introspective,13,4,reflexif_interieur,neutre,modere,moyenne,non_applicable,non_applicable,non_applicable
1137,[mental fast-forward],Speaker mentally fast-forwards events,Introspective,13,4,reflexif_interieur,neutre,modere,haute,non_applicable,non_applicable,rapide
1049,[mental fatigue],Speaker conveys mental fatigue and weariness,Introspective,4,1,reflexif_interieur,neutre,modere,moyenne,non_applicable,non_applicable,non_applicable
1138,[mental pause],Speaker takes a mental pause,Introspective,6,2,reflexif_interieur,neutre,modere,moyenne,non_applicable,non_applicable,non_applicable
1052,[mental reset],Speaker conveys need for a mental reset,Introspective,6,2,reflexif_interieur,neutre,modere,moyenne,non_applicable,non_applicable,non_applicable
1136,[mental rewind],Speaker mentally rewinds events,Introspective,9,3,reflexif_interieur,neutre,modere,moyenne,non_applicable,non_applicable,non_applicable
389,[mentor voice],Speaker uses mentoring narrative tone,Narrative,11,3,narration,neutre,modere,moyenne,non_applicable,non_applicable,non_applicable
961,[meta joke],Speaker makes a joke about jokes themselves,Humor,6,1,humour,neutre,modere,moyenne,non_applicable,non_applicable,non_applicable
646,[metadialogue],Speaker comments on the dialogue itself,Dialogue,12,3,dialogue,neutre,modere,moyenne,non_applicable,non_applicable,non_applicable
728,[metallic sheen],Speaker sounds like metallic audio effect,Effects,9,3,effet_technique,neutre,modere,moyenne,non_applicable,non_applicable,non_applicable
810,[microphone feedback],Speaker sounds like microphone feedback,Effects,14,4,effet_technique,neutre,modere,moyenne,non_applicable,non_applicable,non_applicable
1211,[microwave beep],Sound of microwave beeping,Sound Effects,10,3,effet_sonore,neutre,modere,non_applicable,non_applicable,non_applicable,non_applicable
788,[mid scoop],Speaker sounds like mid-range scooped,Effects,14,4,effet_technique,neutre,modere,moyenne,non_applicable,non_applicable,non_applicable
87,[midday breakthrough],Speaker sounds triumphant and accomplished during breakthrough,Mood,13,4,humeur_tonale,positif,modere,moyenne,non_applicable,dure,matin
86,[midday crisis],Speaker sounds overwhelmed and stressed during midday crisis,Mood,8,2,humeur_tonale,negatif,modere,moyenne,non_applicable,non_applicable,matin
88,[midday distracted],Speaker sounds unfocused and scattered at midday,Mood,12,4,humeur_tonale,neutre,modere,haute,non_applicable,non_applicable,matin
89,[midday overwhelmed],Speaker sounds stressed and burdened at midday,Mood,9,3,humeur_tonale,negatif,modere,moyenne,non_applicable,non_applicable,matin
90,[midday relieved],Speaker sounds calm and unburdened at midday,Mood,9,3,humeur_tonale,ambivalent,modere,basse,non_applicable,non_applicable,matin
108,[midweek energetic],Speaker sounds vibrant and lively midweek,Mood,6,1,humeur_tonale,positif,fort,tres_haute,non_applicable,non_applicable,non_applicable
106,[midweek motivational],Speaker sounds inspiring and encouraging midweek,Mood,4,1,humeur_tonale,positif,modere,moyenne,non_applicable,non_applicable,non_applicable
109,[midweek optimistic],Speaker sounds positive and hopeful midweek,Mood,12,4,humeur_tonale,positif,modere,moyenne,non_applicable,non_applicable,non_applicable
110,[midweek reflective],Speaker sounds thoughtful and contemplative midweek,Mood,14,4,humeur_tonale,neutre,modere,moyenne,non_applicable,non_applicable,non_applicable
107,[midweek tired],Speaker sounds weary and exhausted midweek,Mood,15,4,humeur_tonale,negatif,modere,basse,non_applicable,non_applicable,non_applicable
540,[military sci-fi],Speaker sounds like they are in military science fiction,Genre,7,2,genre_narratif,neutre,modere,moyenne,non_applicable,non_applicable,non_applicable
938,[mime gag],Speaker sounds like performing mime comedy,Humor,12,3,humour,neutre,modere,moyenne,non_applicable,non_applicable,non_applicable
436,[minimalist narration],"Speaker uses sparse, minimal narrative",Narrative,9,3,narration,neutre,modere,moyenne,non_applicable,non_applicable,non_applicable
1756,[mischievous],Playfully naughty,Emotion,11,3,emotion,positif,modere,moyenne,non_applicable,non_applicable,non_applicable
959,[misheard pun],Speaker makes a pun based on mishearing,Humor,11,3,humour,neutre,modere,moyenne,non_applicable,non_applicable,non_applicable
155,[mist],Speaker sounds like they are in misty conditions,Environment,9,3,environnement_acoustique,neutre,modere,non_applicable,non_applicable,non_applicable,non_applicable
1660,[mmm],Satisfaction or thought,Vocal Effects,15,4,vocalisation_non_verbale,neutre,modere,moyenne,non_applicable,non_applicable,non_applicable
1577,[moaning],"Low, pained sound",Vocal Effects,15,5,vocalisation_non_verbale,neutre,modere,moyenne,non_applicable,grave,non_applicable
1012,[mock announcement],Speaker makes fake announcements for humor,Humor,4,1,humour,negatif,modere,moyenne,non_applicable,non_applicable,non_applicable
992,[mock applause],Speaker gives fake applause for comedic effect,Humor,13,4,humour,negatif,modere,moyenne,non_applicable,non_applicable,non_applicable
454,[mock heroic tone],Speaker uses exaggerated heroic narrative,Narrative,7,2,narration,neutre,modere,moyenne,non_applicable,non_applicable,non_applicable
967,[mock horror],Speaker pretends to be horrified for comedy,Humor,12,4,humour,negatif,modere,moyenne,non_applicable,non_applicable,non_applicable
1024,[mock serious tone],Speaker pretends to be serious for humor,Humor,10,3,humour,negatif,modere,moyenne,non_applicable,non_applicable,non_applicable
945,[mock seriousness],Speaker pretends to be serious for humor,Humor,14,4,humour,negatif,modere,moyenne,non_applicable,non_applicable,non_applicable
636,[mock surprise],Speaker feigns surprise in dialogue,Dialogue,12,4,dialogue,negatif,modere,moyenne,non_applicable,non_applicable,non_applicable
429,[mockumentary tone],Speaker uses fake documentary narrative,Narrative,14,4,narration,neutre,modere,moyenne,non_applicable,non_applicable,non_applicable
518,[mockumentary],Speaker sounds like they are in a mockumentary,Genre,14,4,genre_narratif,neutre,modere,moyenne,non_applicable,non_applicable,non_applicable
769,[modem handshake],Speaker sounds like modem handshake,Effects,8,2,effet_technique,neutre,modere,moyenne,sensation,non_applicable,non_applicable
1805,[modest],"Unassuming, humble",Emotion,6,2,emotion,ambivalent,modere,moyenne,non_applicable,non_applicable,non_applicable
981,[mom voice],Speaker uses stereotypical mom humor voice,Humor,6,1,humour,neutre,modere,moyenne,non_applicable,non_applicable,non_applicable
790,[mono fold],Speaker sounds like mono folded,Effects,10,3,effet_technique,neutre,modere,moyenne,non_applicable,non_applicable,non_applicable
1335,[monotone],Speaker speaks in flat unchanging tone,Styles,6,1,style_parole,neutre,modere,moyenne,non_applicable,non_applicable,non_applicable
1534,[monotone],Single-tone delivery,Rhythm,4,1,rythme_tempo,neutre,modere,moyenne,non_applicable,non_applicable,non_applicable
506,[monster story],Speaker sounds like they are in a monster story,Genre,12,3,genre_narratif,neutre,modere,moyenne,non_applicable,non_applicable,non_applicable
686,[mood clash],Speaker clashes with the mood,Dialogue,6,2,dialogue,neutre,modere,moyenne,non_applicable,non_applicable,non_applicable
685,[mood match],Speaker matches the mood,Dialogue,4,1,dialogue,neutre,modere,moyenne,non_applicable,non_applicable,non_applicable
457,[moralizing tone],Speaker uses preachy narrative style,Narrative,12,4,narration,neutre,modere,moyenne,non_applicable,non_applicable,non_applicable
1258,[mosquito buzz],Sound of mosquito buzzing,Sound Effects,11,3,effet_sonore,neutre,modere,non_applicable,non_applicable,non_applicable,non_applicable
23,[motivated afternoon],Speaker sounds driven and determined in the afternoon,Mood,7,2,humeur_tonale,neutre,modere,haute,non_applicable,non_applicable,matin
1765,[motivated],"Driven, inspired",Emotion,12,3,emotion,positif,modere,haute,non_applicable,non_applicable,non_applicable
387,[motivational tone],Speaker uses inspiring narrative voice,Narrative,14,4,narration,neutre,modere,moyenne,non_applicable,non_applicable,non_applicable
1174,[motorcycle roar],Sound of motorcycle engine revving,Sound Effects,12,4,effet_sonore,neutre,extreme,non_applicable,non_applicable,non_applicable,non_applicable
1209,[mouse click],Sound of computer mouse clicking,Sound Effects,7,2,effet_sonore,neutre,modere,non_applicable,non_applicable,non_applicable,non_applicable
318,[mouth dry],Speaker sounds like they have a dry mouth,Body States,5,1,etat_physique,neutre,modere,moyenne,sensation,non_applicable,non_applicable
319,[mouth watery],Speaker sounds like their mouth is watery,Body States,7,2,etat_physique,neutre,modere,moyenne,sensation,non_applicable,non_applicable
1029,[movie reference],Speaker references movies humorously,Humor,9,3,humour,neutre,modere,moyenne,non_applicable,non_applicable,non_applicable
1324,[mumble],Speaker speaks unclearly and quietly,Styles,14,4,style_parole,neutre,subtil,basse,non_applicable,non_applicable,matin
1574,[mumble],"Unclear, muffled speech",Vocal Effects,15,5,vocalisation_non_verbale,neutre,subtil,moyenne,non_applicable,non_applicable,non_applicable
1487,[mumbled],"Indistinct, quiet speech",Rhythm,12,3,rythme_tempo,neutre,subtil,basse,non_applicable,non_applicable,non_applicable
1573,[murmur],"Low, indistinct sound",Vocal Effects,6,1,vocalisation_non_verbale,neutre,subtil,moyenne,non_applicable,grave,non_applicable
282,[muscle twitch],Speaker sounds like they have muscle twitches,Body States,5,1,etat_physique,neutre,modere,moyenne,sensation,non_applicable,non_applicable
1291,[music box],Sound of music box playing,Sound Effects,7,2,effet_sonore,neutre,modere,non_applicable,non_applicable,non_applicable,non_applicable
523,[musical],Speaker sounds like they are in a musical,Genre,4,1,genre_narratif,neutre,modere,moyenne,non_applicable,douce,non_applicable
1787,[mysterious],"Enigmatic, secretive",Emotion,13,4,emotion,ambivalent,modere,moyenne,non_applicable,non_applicable,non_applicable
528,[mystery],Speaker sounds like they are in a mystery story,Genre,8,2,genre_narratif,neutre,modere,moyenne,non_applicable,non_applicable,non_applicable
474,[mythic fantasy],Speaker sounds like they are in a mythological fantasy,Genre,14,4,genre_narratif,neutre,modere,moyenne,non_applicable,non_applicable,non_applicable
374,[mythic tone],"Speaker uses legendary, mythical narrative",Narrative,14,4,narration,neutre,modere,moyenne,non_applicable,non_applicable,non_applicable
313,[nail tapping],Speaker sounds like they are tapping their nails,Body States,6,2,etat_physique,neutre,modere,moyenne,sensation,non_applicable,non_applicable
1792,[naive],"Inexperienced, trusting",Emotion,9,2,emotion,ambivalent,modere,moyenne,douleur,non_applicable,non_applicable
350,[narrative flourish],Speaker adds elaborate narrative embellishments,Narrative,10,3,narration,neutre,modere,moyenne,non_applicable,non_applicable,non_applicable
1448,[narrative],Speaker speaks in storytelling style,Styles,12,4,style_parole,neutre,modere,moyenne,non_applicable,non_applicable,non_applicable
1531,[narrative],Storytelling rhythm,Rhythm,11,3,rythme_tempo,neutre,modere,moyenne,non_applicable,non_applicable,non_applicable
362,[narrator aside],Speaker makes narrative asides to the audience,Narrative,4,1,narration,neutre,modere,moyenne,non_applicable,non_applicable,non_applicable
647,[narrator interrupts],Narrator interrupts the dialogue,Dialogue,6,1,dialogue,neutre,modere,moyenne,non_applicable,non_applicable,non_applicable
1529,[natural flow],Organic speech pattern,Rhythm,10,3,rythme_tempo,neutre,modere,moyenne,non_applicable,non_applicable,non_applicable
1378,[natural],Speaker speaks effortlessly,Styles,6,1,style_parole,neutre,modere,moyenne,non_applicable,non_applicable,non_applicable
997,[naughty wink],Speaker sounds mischievously flirtatious,Humor,6,1,humour,neutre,modere,moyenne,visage,non_applicable,non_applicable
571,[nautical],Speaker sounds like they are in a nautical story,Genre,11,3,genre_narratif,neutre,modere,moyenne,non_applicable,non_applicable,non_applicable
330,[neck crack],Speaker sounds like their neck is cracking,Body States,15,5,etat_physique,neutre,modere,moyenne,douleur,non_applicable,non_applicable
605,[negotiates],Speaker negotiates in the conversation,Dialogue,5,1,dialogue,neutre,modere,moyenne,non_applicable,non_applicable,non_applicable
1007,[nerd reference],Speaker makes nerdy humor references,Humor,15,5,humour,neutre,modere,moyenne,non_applicable,non_applicable,non_applicable
930,[nervous chuckle],Speaker chuckles nervously,Humor,4,1,humour,ambivalent,modere,moyenne,non_applicable,non_applicable,non_applicable
1358,[nervous],Speaker speaks with anxiety,Styles,9,3,style_parole,negatif,modere,moyenne,non_applicable,non_applicable,non_applicable
1731,[nervous],"Tense, apprehensive",Emotion,8,2,emotion,negatif,modere,moyenne,non_applicable,non_applicable,non_applicable
1454,[neutral],Speaker speaks without bias,Styles,5,1,style_parole,neutre,modere,moyenne,non_applicable,non_applicable,non_applicable
395,[news anchor tone],Speaker uses broadcast news narrative,Narrative,10,3,narration,neutre,modere,moyenne,non_applicable,non_applicable,non_applicable
1318,[newspaper rustle],Sound of newspaper rustling,Sound Effects,11,3,effet_sonore,neutre,modere,non_applicable,non_applicable,non_applicable,non_applicable
59,[night anxious],Speaker sounds worried and restless at night,Mood,12,3,humeur_tonale,negatif,fort,moyenne,non_applicable,non_applicable,nuit
53,[night cautious],Speaker sounds careful and wary at night,Mood,4,1,humeur_tonale,neutre,modere,moyenne,non_applicable,non_applicable,nuit
56,[night creative],Speaker sounds inspired and artistic at night,Mood,6,1,humeur_tonale,positif,modere,moyenne,non_applicable,non_applicable,nuit
52,[night dreamy],Speaker sounds ethereal and imaginative at night,Mood,9,2,humeur_tonale,positif,modere,moyenne,non_applicable,non_applicable,nuit
54,[night fearful],Speaker sounds scared and anxious at night,Mood,12,4,humeur_tonale,negatif,modere,moyenne,non_applicable,non_applicable,nuit
51,[night introspective],Speaker sounds reflective and self-examining at night,Mood,14,4,humeur_tonale,neutre,modere,moyenne,non_applicable,non_applicable,nuit
60,[night relieved],Speaker sounds calm and unburdened at night,Mood,11,3,humeur_tonale,ambivalent,modere,basse,non_applicable,non_applicable,nuit
58,[night serene],Speaker sounds peaceful and tranquil at night,Mood,6,2,humeur_tonale,positif,modere,basse,non_applicable,non_applicable,nuit
57,[night solitary],Speaker sounds alone and contemplative at night,Mood,9,2,humeur_tonale,neutre,modere,moyenne,non_applicable,non_applicable,nuit
55,[night wistful],Speaker sounds nostalgic and longing at night,Mood,12,4,humeur_tonale,neutre,modere,moyenne,non_applicable,non_applicable,nuit
1040,[nihilistic thought],Speaker conveys nihilistic thoughts and emptiness,Introspective,15,5,reflexif_interieur,neutre,modere,moyenne,non_applicable,non_applicable,non_applicable
413,[noir narration],"Speaker uses dark, noir narrative style",Narrative,12,4,narration,neutre,modere,moyenne,non_applicable,grave,nuit
495,[noir],Speaker sounds like they are in a film noir setting,Genre,14,4,genre_narratif,neutre,modere,moyenne,non_applicable,non_applicable,non_applicable
717,[noise gate],Speaker sounds like noise gated,Effects,5,1,effet_technique,neutre,modere,moyenne,non_applicable,non_applicable,non_applicable
1661,[nom nom],Eating enjoyment,Vocal Effects,6,1,vocalisation_non_verbale,neutre,modere,moyenne,non_applicable,non_applicable,non_applicable
1079,[nostalgic ache],Speaker conveys a nostalgic ache,Introspective,14,4,reflexif_interieur,neutre,modere,moyenne,douleur,non_applicable,non_applicable
27,[nostalgic afternoon],Speaker sounds wistful and sentimental in the afternoon,Mood,10,3,humeur_tonale,neutre,modere,moyenne,non_applicable,non_applicable,matin
1078,[nostalgic longing],Speaker conveys nostalgic longing,Introspective,7,2,reflexif_interieur,neutre,modere,moyenne,non_applicable,non_applicable,non_applicable
1077,[nostalgic reflection],Speaker conveys nostalgic reflection,Introspective,15,5,reflexif_interieur,neutre,modere,moyenne,non_applicable,non_applicable,non_applicable
1747,[nostalgic],Longing for the past,Emotion,5,1,emotion,ambivalent,modere,moyenne,non_applicable,non_applicable,non_applicable
275,[numb],Speaker sounds like they feel numbness,Body States,5,1,etat_physique,neutre,modere,tres_basse,sensation,non_applicable,non_applicable
1702,[nurturing],"Protective, supportive",Emotion,6,2,emotion,positif,modere,moyenne,non_applicable,non_applicable,non_applicable
1456,[objective],Speaker speaks impartially,Styles,9,3,style_parole,neutre,modere,moyenne,non_applicable,non_applicable,non_applicable
565,[occult],Speaker sounds like they are in an occult story,Genre,12,3,genre_narratif,neutre,modere,moyenne,non_applicable,non_applicable,non_applicable
164,[ocean waves],Speaker sounds like they are near ocean waves,Environment,4,1,environnement_acoustique,neutre,modere,non_applicable,non_applicable,non_applicable,non_applicable
1500,[off-beat],Unexpected timing,Rhythm,5,1,rythme_tempo,neutre,modere,moyenne,non_applicable,non_applicable,non_applicable
131,[office ambient],Speaker sounds like they are in a typical office environment,Environment,9,2,environnement_acoustique,neutre,modere,non_applicable,non_applicable,non_applicable,non_applicable
134,[office chatter],Speaker sounds like they are in an office with background conversations,Environment,8,2,environnement_acoustique,neutre,modere,non_applicable,non_applicable,non_applicable,non_applicable
1005,[office humor],Speaker makes workplace-related humor,Humor,5,1,humour,neutre,modere,moyenne,non_applicable,non_applicable,non_applicable
133,[office phone],Speaker sounds like they are in an office with phone activity,Environment,9,2,environnement_acoustique,neutre,modere,non_applicable,non_applicable,non_applicable,non_applicable
135,[office printer],Speaker sounds like they are near office equipment like printers,Environment,6,1,environnement_acoustique,neutre,modere,non_applicable,non_applicable,non_applicable,non_applicable
132,[office typing],Speaker sounds like they are in an office with typing sounds,Environment,8,2,environnement_acoustique,neutre,modere,non_applicable,non_applicable,non_applicable,non_applicable
1606,[ohh],Wonder or realization,Vocal Effects,15,4,vocalisation_non_verbale,positif,modere,moyenne,non_applicable,non_applicable,non_applicable
363,[omniscient narrator],Speaker uses an all-knowing narrative perspective,Narrative,15,4,narration,neutre,modere,moyenne,non_applicable,non_applicable,non_applicable
982,[one-liner],Speaker delivers a quick one-line joke,Humor,14,4,humour,neutre,modere,haute,non_applicable,non_applicable,rapide
1608,[ooh],Impressed exclamation,Vocal Effects,10,3,vocalisation_non_verbale,neutre,modere,moyenne,non_applicable,non_applicable,non_applicable
1650,[oops],Mistake acknowledgment,Vocal Effects,6,1,vocalisation_non_verbale,neutre,modere,moyenne,non_applicable,non_applicable,non_applicable
629,[opens loop],Speaker starts a new conversation thread,Dialogue,12,3,dialogue,neutre,modere,moyenne,non_applicable,non_applicable,non_applicable
525,[opera],Speaker sounds like they are in an opera,Genre,9,2,genre_narratif,neutre,modere,moyenne,non_applicable,non_applicable,non_applicable
1453,[opinionated],Speaker speaks with strong views,Styles,9,2,style_parole,neutre,fort,moyenne,non_applicable,non_applicable,non_applicable
1680,[optimistic],"Hopeful, positive outlook",Emotion,15,4,emotion,positif,modere,moyenne,non_applicable,non_applicable,non_applicable
432,[oral history style],Speaker uses spoken history narrative,Narrative,12,3,narration,neutre,modere,moyenne,non_applicable,non_applicable,non_applicable
1376,[organic],Speaker speaks naturally,Styles,6,1,style_parole,neutre,modere,moyenne,non_applicable,non_applicable,non_applicable
1546,[organic],Natural rhythm variation,Rhythm,5,1,rythme_tempo,neutre,modere,moyenne,non_applicable,non_applicable,non_applicable
1666,[ouch],Pain reaction,Vocal Effects,7,2,vocalisation_non_verbale,negatif,modere,moyenne,douleur,non_applicable,non_applicable
442,[over-the-top narration],Speaker uses exaggerated narrative style,Narrative,4,1,narration,neutre,modere,moyenne,non_applicable,non_applicable,non_applicable
968,[over-the-top villain laugh],Speaker does an exaggerated evil laugh,Humor,10,3,humour,positif,modere,moyenne,non_applicable,non_applicable,non_applicable
972,[overdramatic gasp],Speaker gasps with extreme drama,Humor,15,4,humour,neutre,extreme,moyenne,respiration,non_applicable,non_applicable
581,[overlapping speech],Speaker talks at the same time as others,Dialogue,6,2,dialogue,neutre,modere,moyenne,non_applicable,non_applicable,non_applicable
1513,[overstatement],Exaggerated timing,Rhythm,10,3,rythme_tempo,neutre,modere,moyenne,non_applicable,non_applicable,non_applicable
1667,[ow],Sharp pain sound,Vocal Effects,15,5,vocalisation_non_verbale,negatif,modere,moyenne,douleur,aigue,non_applicable
225,[owl hoot],Speaker sounds like they are hearing owl sounds,Environment,12,4,environnement_acoustique,neutre,modere,non_applicable,non_applicable,non_applicable,non_applicable
1254,[owl hoot],Sound of owl hooting,Sound Effects,4,1,effet_sonore,neutre,modere,non_applicable,non_applicable,non_applicable,non_applicable
1668,[oww],Extended pain cry,Vocal Effects,8,2,vocalisation_non_verbale,negatif,modere,moyenne,douleur,non_applicable,non_applicable
811,[PA system echo],Speaker sounds like PA system echo,Effects,8,2,effet_technique,neutre,modere,moyenne,non_applicable,non_applicable,non_applicable
1316,[page flip],Sound of book page turning,Sound Effects,12,4,effet_sonore,neutre,modere,non_applicable,non_applicable,non_applicable,non_applicable
227,[page flipping],Speaker sounds like they are hearing pages turning,Environment,9,3,environnement_acoustique,neutre,modere,non_applicable,non_applicable,non_applicable,non_applicable
299,[pale],Speaker sounds like they are pale,Body States,4,1,etat_physique,neutre,modere,moyenne,sensation,non_applicable,non_applicable
1567,[pant],"Quick, shallow breathing",Vocal Effects,7,2,vocalisation_non_verbale,neutre,modere,haute,respiration,non_applicable,rapide
244,[panting],Speaker sounds like they are breathing rapidly,Body States,12,3,etat_physique,neutre,modere,haute,respiration,non_applicable,rapide
1568,[panting],Rapid breathing pattern,Vocal Effects,15,4,vocalisation_non_verbale,neutre,modere,haute,respiration,non_applicable,rapide
1207,[paper ripping],Sound of paper tearing,Sound Effects,9,2,effet_sonore,neutre,modere,non_applicable,non_applicable,non_applicable,non_applicable
190,[paper shuffling],Speaker sounds like they are hearing paper being moved,Environment,11,3,environnement_acoustique,neutre,modere,non_applicable,non_applicable,non_applicable,non_applicable
492,[parallel universe],Speaker sounds like they are in an alternate reality,Genre,9,3,genre_narratif,neutre,modere,moyenne,non_applicable,non_applicable,non_applicable
564,[paranormal],Speaker sounds like they are in a paranormal story,Genre,12,3,genre_narratif,neutre,modere,moyenne,non_applicable,non_applicable,non_applicable
598,[paraphrases],Speaker rephrases what was said,Dialogue,15,5,dialogue,neutre,modere,moyenne,non_applicable,non_applicable,non_applicable
645,[parenthetical aside],Speaker makes a parenthetical comment,Dialogue,15,4,dialogue,neutre,modere,moyenne,non_applicable,non_applicable,non_applicable
422,[parodic tone],Speaker uses parody narrative style,Narrative,10,3,narration,neutre,modere,moyenne,non_applicable,non_applicable,non_applicable
957,[parody intro],Speaker sounds like a parody introduction,Humor,7,2,humour,neutre,modere,moyenne,non_applicable,non_applicable,non_applicable
512,[parody],Speaker sounds like they are in a parody,Genre,4,1,genre_narratif,neutre,modere,moyenne,non_applicable,non_applicable,non_applicable
1455,[partisan],Speaker speaks with clear bias,Styles,8,2,style_parole,neutre,modere,moyenne,non_applicable,non_applicable,non_applicable
1282,[party horn],Sound of party horn blowing,Sound Effects,10,3,effet_sonore,neutre,modere,non_applicable,non_applicable,non_applicable,non_applicable
1704,[passionate],"Intense, fervent",Emotion,12,3,emotion,positif,extreme,moyenne,non_applicable,non_applicable,non_applicable
1149,[past reflection],Speaker reflects on the past,Introspective,9,3,reflexif_interieur,neutre,modere,moyenne,non_applicable,non_applicable,non_applicable
1150,[past regret],Speaker conveys past regret,Introspective,6,2,reflexif_interieur,negatif,modere,moyenne,non_applicable,non_applicable,non_applicable
1799,[patient],"Tolerant, enduring",Emotion,12,4,emotion,ambivalent,modere,moyenne,non_applicable,non_applicable,non_applicable
585,[pause mid-sentence],Speaker pauses in the middle of speaking,Dialogue,15,4,dialogue,neutre,modere,moyenne,non_applicable,non_applicable,non_applicable
1473,[paused],With deliberate breaks,Rhythm,14,4,rythme_tempo,neutre,modere,moyenne,non_applicable,non_applicable,lent
440,[pauses for effect],Speaker uses strategic pauses in narrative,Narrative,12,4,narration,neutre,modere,moyenne,non_applicable,non_applicable,non_applicable
1474,[pauses],Strategic silence moments,Rhythm,15,5,rythme_tempo,neutre,modere,moyenne,non_applicable,non_applicable,non_applicable
5,[peaceful morning],Speaker sounds tranquil and relaxed in the morning,Mood,5,1,humeur_tonale,positif,modere,basse,non_applicable,non_applicable,matin
1679,[peaceful],"Calm, tranquil feeling",Emotion,10,3,emotion,positif,modere,basse,non_applicable,non_applicable,non_applicable
1320,[pen click],Sound of pen clicking,Sound Effects,15,5,effet_sonore,neutre,modere,non_applicable,non_applicable,non_applicable,non_applicable
1228,[pencil writing],Sound of pencil writing on paper,Sound Effects,8,2,effet_sonore,neutre,modere,non_applicable,non_applicable,non_applicable,non_applicable
1743,[pensive],"Thoughtful, reflective",Emotion,6,2,emotion,neutre,modere,moyenne,non_applicable,non_applicable,non_applicable
1354,[persuasive],Speaker speaks convincingly,Styles,12,3,style_parole,neutre,fort,moyenne,non_applicable,non_applicable,non_applicable
1646,[pfft],Dismissive sound,Vocal Effects,9,3,vocalisation_non_verbale,neutre,modere,moyenne,non_applicable,non_applicable,non_applicable
721,[phasing],Speaker sounds like phasing effect,Effects,6,2,effet_technique,neutre,modere,moyenne,non_applicable,non_applicable,non_applicable
1655,[phew],Relief or exhaustion,Vocal Effects,5,1,vocalisation_non_verbale,negatif,modere,moyenne,non_applicable,non_applicable,non_applicable
1045,[philosophical doubt],Speaker conveys philosophical doubt and questioning,Introspective,13,4,reflexif_interieur,neutre,modere,moyenne,non_applicable,non_applicable,non_applicable
1046,[philosophical insight],Speaker conveys philosophical insight and clarity,Introspective,8,2,reflexif_interieur,neutre,modere,moyenne,non_applicable,non_applicable,non_applicable
1044,[philosophical musing],Speaker conveys philosophical musings,Introspective,15,5,reflexif_interieur,neutre,modere,moyenne,non_applicable,non_applicable,non_applicable
358,[philosophical tone],"Speaker uses a deep, philosophical narrative",Narrative,7,2,narration,neutre,modere,moyenne,non_applicable,grave,non_applicable
1171,[phone ringing],Sound of telephone ringing,Sound Effects,8,2,effet_sonore,neutre,modere,non_applicable,non_applicable,non_applicable,non_applicable
1307,[photocopier],Sound of photocopier running,Sound Effects,5,1,effet_sonore,neutre,modere,non_applicable,non_applicable,non_applicable,non_applicable
948,[physical comedy],Speaker sounds like performing physical comedy,Humor,15,4,humour,neutre,modere,moyenne,non_applicable,non_applicable,non_applicable
1292,[piano keys],Sound of piano keys being pressed,Sound Effects,9,3,effet_sonore,neutre,modere,non_applicable,non_applicable,non_applicable,non_applicable
955,[pie-in-face],Speaker sounds like getting hit with a pie,Humor,9,2,humour,neutre,modere,moyenne,visage,non_applicable,non_applicable
1277,[pinball],Sound of pinball machine,Sound Effects,10,3,effet_sonore,neutre,modere,non_applicable,non_applicable,non_applicable,non_applicable
311,[pinch],Speaker sounds like they feel a pinching sensation,Body States,15,5,etat_physique,neutre,modere,moyenne,sensation,non_applicable,non_applicable
778,[ping‑pong delay],Speaker sounds like ping-pong delay,Effects,4,1,effet_technique,neutre,modere,moyenne,non_applicable,non_applicable,non_applicable
750,[pink noise],Speaker sounds like pink noise effect,Effects,13,4,effet_technique,neutre,modere,moyenne,non_applicable,non_applicable,non_applicable
1522,[pique pause],Curiosity-building break,Rhythm,8,2,rythme_tempo,neutre,modere,moyenne,non_applicable,non_applicable,non_applicable
569,[pirate adventure],Speaker sounds like they are in a pirate adventure,Genre,6,1,genre_narratif,neutre,modere,moyenne,non_applicable,non_applicable,non_applicable
584,[pitch rises],Speaker's voice pitch rises during dialogue,Dialogue,7,2,dialogue,neutre,modere,moyenne,non_applicable,aigue,non_applicable
702,[pitch shift down],Speaker sounds like pitch shifted down,Effects,15,5,effet_technique,neutre,modere,moyenne,non_applicable,aigue,non_applicable
703,[pitch shift up],Speaker sounds like pitch shifted up,Effects,9,3,effet_technique,neutre,modere,moyenne,non_applicable,aigue,non_applicable
175,[plane landing],Speaker sounds like they are hearing aircraft landing,Environment,15,4,environnement_acoustique,neutre,modere,non_applicable,non_applicable,non_applicable,non_applicable
171,[plane overhead],Speaker sounds like they are hearing aircraft overhead,Environment,9,3,environnement_acoustique,neutre,modere,non_applicable,non_applicable,non_applicable,non_applicable
174,[plane taking off],Speaker sounds like they are hearing aircraft takeoff,Environment,12,3,environnement_acoustique,neutre,modere,non_applicable,non_applicable,non_applicable,non_applicable
398,[play-by-play style],Speaker uses live sports narrative,Narrative,6,1,narration,neutre,modere,moyenne,non_applicable,non_applicable,non_applicable
800,[playback slowed‑down],Speaker sounds like slowed-down playback,Effects,14,4,effet_technique,neutre,modere,moyenne,non_applicable,non_applicable,non_applicable
799,[playback sped‑up],Speaker sounds like sped-up playback,Effects,13,4,effet_technique,neutre,modere,moyenne,non_applicable,non_applicable,non_applicable
920,[playful banter],"Speaker engages in light, playful humorous exchange",Humor,6,1,humour,positif,subtil,moyenne,non_applicable,aigue,non_applicable
986,[playful insult],Speaker makes playful insulting humor,Humor,14,4,humour,ambivalent,modere,moyenne,non_applicable,non_applicable,non_applicable
1755,[playful],"Fun-loving, mischievous",Emotion,11,3,emotion,positif,modere,moyenne,non_applicable,non_applicable,non_applicable
1353,[pleading],Speaker speaks in begging manner,Styles,5,1,style_parole,neutre,modere,moyenne,non_applicable,non_applicable,non_applicable
400,[podcast host],Speaker uses podcast hosting narrative,Narrative,15,5,narration,neutre,modere,moyenne,douleur,non_applicable,non_applicable
433,[poetic imagery],Speaker uses vivid poetic narrative,Narrative,7,2,narration,neutre,modere,moyenne,non_applicable,non_applicable,non_applicable
372,[poetic reading],Speaker uses poetic narrative rhythm,Narrative,9,2,narration,neutre,modere,moyenne,non_applicable,non_applicable,non_applicable
1445,[poetic],Speaker speaks with lyrical quality,Styles,13,4,style_parole,neutre,modere,moyenne,non_applicable,non_applicable,non_applicable
1274,[poker chips],Sound of poker chips clinking,Sound Effects,10,3,effet_sonore,neutre,modere,non_applicable,non_applicable,non_applicable,non_applicable
1384,[polished],Speaker speaks with refined delivery,Styles,9,2,style_parole,neutre,modere,moyenne,non_applicable,non_applicable,non_applicable
543,[political drama],Speaker sounds like they are in a political drama,Genre,11,3,genre_narratif,neutre,modere,moyenne,non_applicable,non_applicable,non_applicable
499,[political thriller],Speaker sounds like they are in a political thriller,Genre,7,2,genre_narratif,positif,modere,moyenne,non_applicable,non_applicable,non_applicable
1009,[pop culture nod],Speaker references popular culture humorously,Humor,12,3,humour,neutre,modere,moyenne,non_applicable,non_applicable,non_applicable
484,[post-apocalyptic],Speaker sounds like they are in a post-apocalyptic world,Genre,14,4,genre_narratif,neutre,modere,moyenne,non_applicable,non_applicable,non_applicable
104,[post-lunch creative],Speaker sounds inspired and imaginative after lunch,Mood,7,2,humeur_tonale,positif,modere,moyenne,non_applicable,non_applicable,non_applicable
105,[post-lunch motivated],Speaker sounds driven and energetic after lunch,Mood,8,2,humeur_tonale,positif,fort,haute,non_applicable,non_applicable,non_applicable
103,[post-lunch regained],Speaker sounds refreshed and revitalized after lunch,Mood,5,1,humeur_tonale,neutre,modere,moyenne,non_applicable,non_applicable,non_applicable
101,[post-lunch sleepy],Speaker sounds drowsy and sluggish after lunch,Mood,9,2,humeur_tonale,neutre,modere,basse,non_applicable,non_applicable,nuit
102,[post-lunch sluggish],Speaker sounds slow and lethargic after lunch,Mood,5,1,humeur_tonale,neutre,modere,basse,non_applicable,non_applicable,lent
1408,[pounding],Speaker speaks with heavy emphasis,Styles,12,4,style_parole,neutre,modere,moyenne,non_applicable,grave,non_applicable
1023,[prank call tone],Speaker sounds like making prank calls,Humor,15,5,humour,neutre,modere,moyenne,non_applicable,non_applicable,non_applicable
952,[pratfall sound],Speaker sounds like falling comedically,Humor,9,2,humour,neutre,modere,moyenne,non_applicable,non_applicable,non_applicable
209,[prayer],Speaker sounds like they are in a prayer atmosphere,Environment,11,3,environnement_acoustique,neutre,modere,non_applicable,non_applicable,non_applicable,non_applicable
1366,[precise],Speaker speaks with exact pronunciation,Styles,9,2,style_parole,neutre,modere,moyenne,non_applicable,non_applicable,non_applicable
682,[pregnant pause],Speaker makes a meaningful pause,Dialogue,9,3,dialogue,neutre,modere,moyenne,non_applicable,non_applicable,non_applicable
1156,[present awareness],Speaker conveys present awareness,Introspective,6,1,reflexif_interieur,negatif,modere,moyenne,non_applicable,non_applicable,non_applicable
1157,[present calm],Speaker conveys present calm,Introspective,15,5,reflexif_interieur,ambivalent,modere,basse,non_applicable,non_applicable,non_applicable
1155,[present moment],Speaker focuses on the present moment,Introspective,10,3,reflexif_interieur,negatif,modere,moyenne,non_applicable,non_applicable,non_applicable
1158,[present unrest],Speaker conveys present unrest,Introspective,12,4,reflexif_interieur,negatif,modere,moyenne,non_applicable,non_applicable,non_applicable
610,[presses pause],Speaker pauses to emphasize,Dialogue,14,4,dialogue,neutre,modere,moyenne,non_applicable,non_applicable,non_applicable
1305,[printer],Sound of printer printing,Sound Effects,15,4,effet_sonore,neutre,modere,non_applicable,non_applicable,non_applicable,non_applicable
18,[productive midday],Speaker sounds efficient and accomplished at midday,Mood,9,3,humeur_tonale,neutre,modere,moyenne,non_applicable,non_applicable,matin
1368,[professional],Speaker uses business-like delivery,Styles,4,1,style_parole,neutre,modere,moyenne,non_applicable,non_applicable,non_applicable
1028,[programmer pun],Speaker makes programming-related puns,Humor,15,4,humour,neutre,modere,moyenne,non_applicable,non_applicable,non_applicable
1392,[projecting],Speaker speaks to reach large audience,Styles,15,5,style_parole,neutre,modere,moyenne,non_applicable,non_applicable,non_applicable
1442,[proper],Speaker uses correct formal language,Styles,15,5,style_parole,neutre,modere,moyenne,non_applicable,non_applicable,non_applicable
600,[proposes],Speaker proposes something in dialogue,Dialogue,6,1,dialogue,neutre,modere,moyenne,non_applicable,non_applicable,non_applicable
1446,[prosaic],Speaker speaks in ordinary manner,Styles,6,1,style_parole,neutre,modere,moyenne,non_applicable,non_applicable,non_applicable
371,[prose reading],Speaker reads with literary prose style,Narrative,13,4,narration,neutre,modere,moyenne,non_applicable,non_applicable,non_applicable
1691,[proud],Dignified satisfaction,Emotion,14,4,emotion,positif,modere,moyenne,non_applicable,non_applicable,non_applicable
1641,[psst],Attention-getting whisper,Vocal Effects,6,1,vocalisation_non_verbale,neutre,subtil,moyenne,non_applicable,non_applicable,non_applicable
500,[psychological thriller],Speaker sounds like they are in a psychological thriller,Genre,6,1,genre_narratif,neutre,modere,moyenne,non_applicable,non_applicable,non_applicable
1634,[pucker],Lip pursing sound,Vocal Effects,6,2,vocalisation_non_verbale,neutre,modere,moyenne,non_applicable,non_applicable,non_applicable
1527,[pulse beat],Heartbeat-like rhythm,Rhythm,15,4,rythme_tempo,neutre,modere,moyenne,non_applicable,non_applicable,non_applicable
1407,[pulsing],Speaker speaks with rhythmic beats,Styles,4,1,style_parole,neutre,modere,moyenne,non_applicable,non_applicable,non_applicable
1543,[pulsing],Throbbing rhythm pattern,Rhythm,10,3,rythme_tempo,neutre,modere,moyenne,douleur,non_applicable,non_applicable
924,[pun delivery],Speaker delivers a pun with comedic timing,Humor,13,4,humour,neutre,modere,moyenne,non_applicable,non_applicable,non_applicable
1019,[punchline drum beat],Speaker times punchlines with drum beats,Humor,14,4,humour,neutre,modere,moyenne,non_applicable,non_applicable,non_applicable
1539,[punchy],"Sharp, impactful delivery",Rhythm,15,5,rythme_tempo,neutre,modere,moyenne,non_applicable,aigue,non_applicable
960,[punny pun],Speaker makes an especially punny joke,Humor,11,3,humour,neutre,modere,moyenne,non_applicable,non_applicable,non_applicable
1399,[purring],Speaker speaks with smooth low tone,Styles,5,1,style_parole,neutre,modere,moyenne,non_applicable,douce,non_applicable
335,[push heavy],Speaker sounds like they are pushing something heavy,Body States,12,3,etat_physique,neutre,modere,moyenne,sensation,grave,non_applicable
531,[puzzle mystery],Speaker sounds like they are in a puzzle mystery,Genre,15,4,genre_narratif,neutre,modere,moyenne,non_applicable,non_applicable,non_applicable
1740,[puzzled],"Perplexed, mystified",Emotion,11,3,emotion,ambivalent,modere,moyenne,non_applicable,non_applicable,non_applicable
535,[quest],Speaker sounds like they are on a quest,Genre,6,2,genre_narratif,neutre,modere,moyenne,non_applicable,non_applicable,non_applicable
1523,[question pause],Inquiry hesitation,Rhythm,9,2,rythme_tempo,neutre,modere,moyenne,non_applicable,non_applicable,non_applicable
589,[questioning tone],Speaker uses an inquisitive tone,Dialogue,7,2,dialogue,neutre,modere,moyenne,non_applicable,non_applicable,non_applicable
1521,[quick fire],Rapid succession,Rhythm,8,2,rythme_tempo,neutre,modere,haute,non_applicable,non_applicable,rapide
1464,[quick],"Brief, fast responses",Rhythm,12,4,rythme_tempo,neutre,modere,haute,non_applicable,non_applicable,rapide
1064,[quiet confession],Speaker makes a quiet confession,Introspective,10,3,reflexif_interieur,neutre,subtil,basse,non_applicable,non_applicable,non_applicable
1036,[quiet reflection],"Speaker conveys quiet, inward reflection",Introspective,4,1,reflexif_interieur,neutre,subtil,basse,non_applicable,non_applicable,non_applicable
228,[quiet whisper],Speaker sounds like they are in a very quiet environment,Environment,11,3,environnement_acoustique,neutre,fort,basse,non_applicable,non_applicable,non_applicable
424,[quirky tone],Speaker uses eccentric narrative style,Narrative,15,4,narration,neutre,modere,moyenne,non_applicable,non_applicable,non_applicable
732,[Radio Broadcast],Speaker sounds like radio broadcast effect,Effects,6,2,effet_technique,neutre,modere,moyenne,non_applicable,non_applicable,non_applicable
734,[radio static],Speaker sounds like radio static effect,Effects,9,2,effet_technique,neutre,modere,tres_basse,non_applicable,non_applicable,non_applicable
1302,[radio static],Sound of radio static,Sound Effects,12,3,effet_sonore,neutre,modere,tres_basse,non_applicable,non_applicable,non_applicable
1720,[rageful],Intensely angry,Emotion,7,3,emotion,negatif,extreme,moyenne,non_applicable,non_applicable,non_applicable
1201,[rain falling],Sound of rain falling,Sound Effects,12,3,effet_sonore,neutre,modere,non_applicable,non_applicable,non_applicable,non_applicable
151,[rain heavy],Speaker sounds like they are experiencing heavy rainfall,Environment,13,4,environnement_acoustique,neutre,modere,non_applicable,non_applicable,grave,non_applicable
152,[rain light],Speaker sounds like they are experiencing light rain,Environment,9,3,environnement_acoustique,neutre,subtil,non_applicable,non_applicable,aigue,non_applicable
120,[rainforest ambient],Speaker sounds like they are in a rainforest environment,Environment,12,4,environnement_acoustique,neutre,modere,non_applicable,non_applicable,non_applicable,non_applicable
9,[rainy morning],Speaker sounds melancholic and subdued in the morning,Mood,14,4,humeur_tonale,neutre,modere,moyenne,non_applicable,non_applicable,matin
1016,[rap joke],Speaker makes rap-style humor,Humor,6,1,humour,neutre,modere,moyenne,non_applicable,non_applicable,non_applicable
663,[rapid exchange],Speaker engages in quick dialogue,Dialogue,6,1,dialogue,neutre,modere,haute,non_applicable,non_applicable,rapide
1345,[rapid-fire],Speaker speaks extremely quickly,Styles,12,4,style_parole,neutre,extreme,haute,non_applicable,non_applicable,rapide
1618,[rattle],"Shaking, vibrating sound",Vocal Effects,11,3,vocalisation_non_verbale,neutre,modere,moyenne,non_applicable,non_applicable,non_applicable
637,[real surprise],Speaker expresses genuine surprise,Dialogue,15,5,dialogue,neutre,modere,moyenne,non_applicable,non_applicable,non_applicable
1754,[realistic],"Practical, grounded",Emotion,4,1,emotion,ambivalent,modere,moyenne,non_applicable,non_applicable,non_applicable
1796,[rebellious],"Defiant, nonconformist",Emotion,15,4,emotion,ambivalent,modere,moyenne,non_applicable,non_applicable,non_applicable
1301,[record player],Sound of vinyl record playing,Sound Effects,15,5,effet_sonore,neutre,modere,non_applicable,non_applicable,non_applicable,non_applicable
624,[redirects],Speaker redirects the conversation,Dialogue,15,5,dialogue,neutre,modere,moyenne,non_applicable,non_applicable,non_applicable
1266,[referee whistle],Sound of sports referee whistle,Sound Effects,11,3,effet_sonore,neutre,modere,non_applicable,non_applicable,non_applicable,non_applicable
1433,[refined],Speaker speaks with elegance,Styles,12,3,style_parole,neutre,modere,moyenne,non_applicable,non_applicable,non_applicable
14,[reflective midday],Speaker sounds thoughtful and contemplative at midday,Mood,5,1,humeur_tonale,neutre,modere,moyenne,non_applicable,non_applicable,matin
678,[reflective pause],Speaker pauses to reflect,Dialogue,4,1,dialogue,neutre,modere,moyenne,non_applicable,non_applicable,non_applicable
674,[reflective response],Speaker gives a reflective response,Dialogue,5,1,dialogue,neutre,modere,moyenne,non_applicable,non_applicable,non_applicable
357,[reflective tone],"Speaker uses a thoughtful, reflective narrative",Narrative,5,1,narration,neutre,modere,moyenne,non_applicable,non_applicable,non_applicable
468,[refrain voice],Speaker repeats narrative elements,Narrative,12,4,narration,neutre,modere,moyenne,non_applicable,non_applicable,non_applicable
596,[reframes],Speaker reframes the conversation,Dialogue,7,2,dialogue,neutre,modere,moyenne,non_applicable,non_applicable,non_applicable
1098,[regretful reflection],Speaker conveys regretful reflection,Introspective,10,3,reflexif_interieur,negatif,modere,moyenne,non_applicable,non_applicable,non_applicable
1099,[regretful sigh],Speaker releases a regretful sigh,Introspective,15,5,reflexif_interieur,negatif,modere,moyenne,respiration,non_applicable,non_applicable
1100,[regretful tone],Speaker speaks with a regretful tone,Introspective,15,4,reflexif_interieur,negatif,modere,moyenne,non_applicable,non_applicable,non_applicable
1415,[rehearsed],Speaker speaks with practiced delivery,Styles,15,5,style_parole,neutre,modere,moyenne,non_applicable,non_applicable,non_applicable
1359,[relaxed],Speaker speaks in calm manner,Styles,15,5,style_parole,neutre,modere,basse,non_applicable,non_applicable,non_applicable
1538,[release tension],Relaxing intensity,Rhythm,15,4,rythme_tempo,negatif,modere,moyenne,non_applicable,non_applicable,non_applicable
635,[releasing anticipation],Speaker releases built-up anticipation,Dialogue,9,2,dialogue,neutre,modere,moyenne,non_applicable,non_applicable,non_applicable
680,[relief pause],Speaker pauses with relief,Dialogue,12,4,dialogue,neutre,modere,moyenne,non_applicable,non_applicable,non_applicable
1684,[relieved],Free from worry,Emotion,7,2,emotion,positif,modere,moyenne,non_applicable,non_applicable,non_applicable
1069,[reluctant acceptance],Speaker conveys reluctant acceptance,Introspective,11,3,reflexif_interieur,neutre,modere,moyenne,non_applicable,non_applicable,non_applicable
619,[reluctant agreement],Speaker reluctantly agrees,Dialogue,12,4,dialogue,neutre,modere,moyenne,non_applicable,non_applicable,non_applicable
621,[reluctant refusal],Speaker reluctantly refuses,Dialogue,5,1,dialogue,neutre,modere,moyenne,non_applicable,non_applicable,non_applicable
1752,[remorseful],"Regretful, apologetic",Emotion,10,3,emotion,negatif,modere,moyenne,non_applicable,non_applicable,non_applicable
1304,[remote click],Sound of TV remote clicking,Sound Effects,13,4,effet_sonore,neutre,modere,non_applicable,non_applicable,non_applicable,non_applicable
573,[renaissance],Speaker sounds like they are in a renaissance setting,Genre,12,4,genre_narratif,neutre,modere,moyenne,non_applicable,non_applicable,non_applicable
666,[repeated echo],Speaker repeats an echo,Dialogue,10,3,dialogue,neutre,modere,moyenne,non_applicable,non_applicable,non_applicable
594,[repeats question],Speaker repeats their question,Dialogue,9,3,dialogue,neutre,modere,moyenne,non_applicable,non_applicable,non_applicable
394,[reporter style],Speaker uses news reporter narrative,Narrative,11,3,narration,neutre,modere,moyenne,non_applicable,non_applicable,non_applicable
1724,[resentful],"Bitter, indignant",Emotion,6,1,emotion,negatif,modere,moyenne,non_applicable,non_applicable,non_applicable
1095,[resigned reflection],Speaker conveys resigned reflection,Introspective,8,2,reflexif_interieur,neutre,modere,moyenne,non_applicable,non_applicable,non_applicable
1096,[resigned sigh],Speaker releases a resigned sigh,Introspective,15,4,reflexif_interieur,neutre,modere,moyenne,respiration,non_applicable,non_applicable
1097,[resigned tone],Speaker speaks with a resigned tone,Introspective,9,2,reflexif_interieur,neutre,modere,moyenne,non_applicable,non_applicable,non_applicable
1778,[resilient],"Strong, adaptable",Emotion,6,1,emotion,ambivalent,fort,moyenne,non_applicable,non_applicable,non_applicable
1693,[resolute],"Determined, unwavering",Emotion,6,2,emotion,ambivalent,modere,moyenne,non_applicable,non_applicable,non_applicable
590,[responds quickly],Speaker responds rapidly to dialogue,Dialogue,15,5,dialogue,neutre,modere,haute,non_applicable,non_applicable,rapide
591,[responds slowly],Speaker responds slowly to dialogue,Dialogue,7,2,dialogue,neutre,modere,moyenne,non_applicable,non_applicable,non_applicable
145,[restaurant ambient],Speaker sounds like they are in a restaurant atmosphere,Environment,9,2,environnement_acoustique,neutre,modere,non_applicable,non_applicable,non_applicable,non_applicable
141,[restaurant bustle],Speaker sounds like they are in a busy restaurant,Environment,5,1,environnement_acoustique,neutre,modere,haute,non_applicable,non_applicable,non_applicable
143,[restaurant cutlery],Speaker sounds like they are hearing dining utensils,Environment,5,1,environnement_acoustique,neutre,modere,non_applicable,non_applicable,non_applicable,non_applicable
142,[restaurant kitchen],Speaker sounds like they are near a restaurant kitchen,Environment,9,2,environnement_acoustique,neutre,modere,non_applicable,non_applicable,non_applicable,non_applicable
144,[restaurant waiter],Speaker sounds like they are interacting with restaurant staff,Environment,6,2,environnement_acoustique,neutre,modere,non_applicable,non_applicable,non_applicable,non_applicable
20,[restless midday],Speaker sounds agitated and unsettled at midday,Mood,9,3,humeur_tonale,neutre,modere,moyenne,non_applicable,non_applicable,matin
1087,[restless pause],Speaker pauses restlessly,Introspective,14,4,reflexif_interieur,neutre,modere,moyenne,non_applicable,non_applicable,non_applicable
1086,[restless thinking],Speaker conveys restless thinking,Introspective,14,4,reflexif_interieur,neutre,modere,moyenne,non_applicable,non_applicable,non_applicable
1088,[restless tone],Speaker speaks with a restless tone,Introspective,12,3,reflexif_interieur,neutre,modere,moyenne,non_applicable,non_applicable,non_applicable
268,[restless],Speaker sounds like they are restless,Body States,7,2,etat_physique,neutre,modere,moyenne,sensation,non_applicable,non_applicable
1639,[retch],Nausea reaction sound,Vocal Effects,7,2,vocalisation_non_verbale,negatif,modere,moyenne,sensation,non_applicable,non_applicable
775,[retro synth],Speaker sounds like retro synthesizer,Effects,11,3,effet_technique,neutre,modere,moyenne,non_applicable,non_applicable,non_applicable
700,[reverb],Speaker sounds like reverb effect,Effects,5,1,effet_technique,neutre,modere,moyenne,non_applicable,non_applicable,non_applicable
804,[reverse playback],Speaker sounds like reverse playback,Effects,15,4,effet_technique,neutre,modere,moyenne,non_applicable,non_applicable,non_applicable
779,[reverse reverb],Speaker sounds like reverse reverb effect,Effects,12,3,effet_technique,neutre,modere,moyenne,non_applicable,non_applicable,non_applicable
549,[revisionist western],Speaker sounds like they are in a revisionist western,Genre,6,1,genre_narratif,neutre,modere,moyenne,non_applicable,dure,non_applicable
1336,[rhythmic],Speaker speaks with musical rhythm,Styles,15,4,style_parole,neutre,modere,moyenne,non_applicable,douce,non_applicable
1505,[rhythmic],"Patterned, musical flow",Rhythm,11,3,rythme_tempo,neutre,modere,moyenne,non_applicable,douce,non_applicable
1021,[rimshot flourish],Speaker adds flourish to rimshot comedy,Humor,7,2,humour,neutre,modere,moyenne,non_applicable,non_applicable,non_applicable
1020,[rimshot],Speaker uses classic rimshot comedy timing,Humor,6,1,humour,neutre,modere,moyenne,non_applicable,non_applicable,non_applicable
724,[ring modulation],Speaker sounds like ring modulation effect,Effects,7,2,effet_technique,neutre,modere,moyenne,non_applicable,non_applicable,non_applicable
632,[rising clarity],Speaker becomes clearer as they speak,Dialogue,5,1,dialogue,neutre,modere,moyenne,non_applicable,non_applicable,non_applicable
667,[rising echo],Speaker's echo rises in intensity,Dialogue,13,4,dialogue,neutre,modere,moyenne,non_applicable,non_applicable,non_applicable
1509,[ritardando],Gradually slower,Rhythm,9,3,rythme_tempo,neutre,modere,moyenne,non_applicable,non_applicable,lent
161,[river flowing],Speaker sounds like they are near a flowing river,Environment,15,5,environnement_acoustique,neutre,modere,non_applicable,non_applicable,non_applicable,non_applicable
1253,[river rapids],Sound of river rapids flowing,Sound Effects,12,4,effet_sonore,neutre,modere,haute,non_applicable,non_applicable,rapide
176,[road trip],Speaker sounds like they are on a road trip,Environment,12,4,environnement_acoustique,neutre,modere,non_applicable,non_applicable,non_applicable,non_applicable
562,[road trip],Speaker sounds like they are on a road trip story,Genre,10,3,genre_narratif,neutre,modere,moyenne,non_applicable,non_applicable,non_applicable
1595,[roar],"Loud, powerful shout",Vocal Effects,9,3,vocalisation_non_verbale,negatif,extreme,moyenne,non_applicable,non_applicable,non_applicable
576,[robot uprising],Speaker sounds like they are in a robot uprising story,Genre,12,4,genre_narratif,neutre,modere,moyenne,non_applicable,non_applicable,non_applicable
727,[robotic echo],Speaker sounds like robotic echo effect,Effects,6,2,effet_technique,neutre,modere,moyenne,non_applicable,non_applicable,non_applicable
692,[robotic modulation],Speaker sounds like robotic voice modulation,Effects,14,4,effet_technique,neutre,modere,moyenne,non_applicable,non_applicable,non_applicable
742,[robotic sequence],Speaker sounds like robotic sequence effect,Effects,12,3,effet_technique,neutre,modere,moyenne,non_applicable,non_applicable,non_applicable
707,[robotic stutter],Speaker sounds like robotic stuttering effect,Effects,6,2,effet_technique,neutre,extreme,moyenne,non_applicable,non_applicable,non_applicable
1375,[robotic],Speaker speaks with artificial quality,Styles,12,3,style_parole,neutre,modere,moyenne,non_applicable,non_applicable,non_applicable
1528,[robotic],"Mechanical, artificial timing",Rhythm,5,1,rythme_tempo,neutre,modere,moyenne,non_applicable,non_applicable,non_applicable
524,[rock musical],Speaker sounds like they are in a rock musical,Genre,15,4,genre_narratif,neutre,modere,moyenne,non_applicable,douce,non_applicable
1280,[rollercoaster],Sound of rollercoaster racing,Sound Effects,5,1,effet_sonore,neutre,modere,non_applicable,non_applicable,non_applicable,non_applicable
510,[romantic comedy],Speaker sounds like they are in a romantic comedy,Genre,15,5,genre_narratif,positif,modere,moyenne,non_applicable,non_applicable,non_applicable
1000,[romantic joke],Speaker makes romantic comedy humor,Humor,8,2,humour,positif,modere,moyenne,non_applicable,non_applicable,non_applicable
450,[romantic narration],Speaker uses romantic narrative tone,Narrative,6,2,narration,neutre,modere,moyenne,non_applicable,non_applicable,non_applicable
1703,[romantic],"Loving, intimate",Emotion,6,1,emotion,positif,modere,moyenne,non_applicable,non_applicable,non_applicable
798,[room mic],Speaker sounds like room microphone,Effects,9,2,effet_technique,neutre,modere,moyenne,non_applicable,non_applicable,non_applicable
1182,[rooster crow],Sound of rooster crowing,Sound Effects,5,1,effet_sonore,neutre,modere,non_applicable,non_applicable,non_applicable,non_applicable
1385,[rough],Speaker speaks with unrefined quality,Styles,9,3,style_parole,neutre,modere,moyenne,non_applicable,dure,non_applicable
1315,[rubber stamp],Sound of rubber stamp stamping,Sound Effects,9,3,effet_sonore,neutre,modere,non_applicable,non_applicable,non_applicable,non_applicable
341,[run softly],Speaker sounds like they are running softly,Body States,15,5,etat_physique,neutre,modere,moyenne,sensation,non_applicable,non_applicable
1488,[run-on],Continuous without breaks,Rhythm,13,4,rythme_tempo,neutre,modere,moyenne,non_applicable,non_applicable,non_applicable
942,[running gag],Speaker continues a recurring comedic element,Humor,15,5,humour,neutre,modere,moyenne,non_applicable,non_applicable,non_applicable
1192,[running steps],Sound of running footsteps,Sound Effects,15,6,effet_sonore,neutre,modere,non_applicable,non_applicable,non_applicable,non_applicable
289,[runny nose],Speaker sounds like they have a runny nose,Body States,10,3,etat_physique,neutre,modere,moyenne,sensation,non_applicable,non_applicable
74,[rush hour annoyed],Speaker sounds irritated and bothered during rush hour,Mood,13,4,humeur_tonale,negatif,modere,moyenne,non_applicable,non_applicable,rapide
73,[rush hour distracted],Speaker sounds unfocused and scattered during rush hour,Mood,14,4,humeur_tonale,neutre,modere,haute,non_applicable,non_applicable,rapide
75,[rush hour focused],Speaker sounds concentrated and determined during rush hour,Mood,10,3,humeur_tonale,neutre,modere,haute,non_applicable,non_applicable,rapide
72,[rush hour impatient],Speaker sounds frustrated and restless during rush hour,Mood,15,5,humeur_tonale,negatif,modere,moyenne,non_applicable,non_applicable,rapide
71,[rush hour tense],Speaker sounds stressed and agitated during rush hour,Mood,13,4,humeur_tonale,negatif,modere,moyenne,non_applicable,non_applicable,rapide
13,[rushed midday],Speaker sounds hurried and stressed at midday,Mood,14,4,humeur_tonale,negatif,modere,moyenne,non_applicable,non_applicable,rapide
1328,[rushed],Speaker speaks hurriedly,Styles,8,2,style_parole,neutre,modere,moyenne,non_applicable,non_applicable,rapide
1459,[rushed],"Hurried, urgent delivery",Rhythm,8,2,rythme_tempo,negatif,modere,moyenne,non_applicable,non_applicable,rapide
1712,[sad],"Sorrowful, unhappy",Emotion,5,1,emotion,ambivalent,modere,moyenne,non_applicable,non_applicable,non_applicable
741,[sample‑rate reduction],Speaker sounds like reduced sample rate,Effects,6,1,effet_technique,neutre,modere,moyenne,non_applicable,non_applicable,non_applicable
421,[sarcastic narration],Speaker uses sarcastic narrative tone,Narrative,6,2,narration,neutre,modere,moyenne,non_applicable,non_applicable,non_applicable
918,[sarcastic remark],Speaker makes a sarcastic humorous comment,Humor,15,4,humour,negatif,modere,moyenne,non_applicable,non_applicable,non_applicable
1757,[sarcastic],Ironically mocking,Emotion,5,1,emotion,negatif,modere,moyenne,non_applicable,non_applicable,non_applicable
944,[sardonic sigh],Speaker sighs with sardonic humor,Humor,9,3,humour,neutre,modere,moyenne,respiration,non_applicable,non_applicable
966,[satire bite],Speaker uses biting satirical humor,Humor,5,1,humour,neutre,modere,moyenne,non_applicable,non_applicable,non_applicable
456,[Satire voice],Speaker uses satirical narrative voice,Narrative,6,1,narration,neutre,modere,moyenne,non_applicable,non_applicable,non_applicable
511,[satire],Speaker sounds like they are in a satirical story,Genre,12,3,genre_narratif,neutre,modere,moyenne,non_applicable,non_applicable,non_applicable
418,[satirical narration],Speaker uses satirical narrative tone,Narrative,13,4,narration,neutre,modere,moyenne,non_applicable,non_applicable,non_applicable
1685,[satisfied],"Fulfilled, pleased",Emotion,14,4,emotion,positif,modere,moyenne,non_applicable,non_applicable,non_applicable
1217,[saw cutting],Sound of saw cutting wood,Sound Effects,5,1,effet_sonore,neutre,modere,non_applicable,non_applicable,non_applicable,non_applicable
748,[sawtooth tone],Speaker sounds like sawtooth wave tone,Effects,6,2,effet_technique,neutre,modere,moyenne,douleur,non_applicable,non_applicable
1298,[saxophone],Sound of saxophone playing,Sound Effects,11,3,effet_sonore,neutre,modere,non_applicable,non_applicable,non_applicable,non_applicable
187,[school bell],Speaker sounds like they are hearing school bells,Environment,12,4,environnement_acoustique,neutre,modere,non_applicable,non_applicable,non_applicable,non_applicable
1287,[school bell],Sound of school bell ringing,Sound Effects,15,5,effet_sonore,neutre,modere,non_applicable,non_applicable,non_applicable,non_applicable
186,[school classroom],Speaker sounds like they are in a school classroom,Environment,6,2,environnement_acoustique,neutre,modere,non_applicable,non_applicable,non_applicable,non_applicable
485,[sci-fi],Speaker sounds like they are in a science fiction setting,Genre,12,3,genre_narratif,neutre,modere,moyenne,non_applicable,non_applicable,non_applicable
384,[scientific tone],Speaker uses scientific narrative style,Narrative,9,3,narration,neutre,modere,moyenne,non_applicable,non_applicable,non_applicable
1311,[scissors cutting],Sound of scissors cutting,Sound Effects,4,1,effet_sonore,neutre,modere,non_applicable,non_applicable,non_applicable,non_applicable
1619,[screech],High-pitched harsh sound,Vocal Effects,12,3,vocalisation_non_verbale,negatif,modere,moyenne,non_applicable,aigue,non_applicable
1416,[scripted],Speaker reads from written text,Styles,14,4,style_parole,neutre,modere,moyenne,non_applicable,non_applicable,non_applicable
570,[sea voyage],Speaker sounds like they are on a sea voyage,Genre,9,2,genre_narratif,neutre,modere,moyenne,non_applicable,non_applicable,non_applicable
1246,[seagull cry],Sound of seagull calling,Sound Effects,5,1,effet_sonore,neutre,modere,non_applicable,non_applicable,non_applicable,non_applicable
230,[security alarm],Speaker sounds like they are hearing security alarms,Environment,8,2,environnement_acoustique,negatif,modere,non_applicable,non_applicable,non_applicable,non_applicable
1788,[seductive],"Alluring, enticing",Emotion,13,4,emotion,ambivalent,modere,moyenne,non_applicable,non_applicable,non_applicable
1035,[self-aware],Speaker conveys heightened self-awareness,Introspective,12,4,reflexif_interieur,neutre,modere,moyenne,non_applicable,non_applicable,non_applicable
1034,[self-critical],Speaker conveys self-criticism and inner judgment,Introspective,14,4,reflexif_interieur,neutre,modere,moyenne,non_applicable,non_applicable,non_applicable
917,[self-deprecating chuckle],Speaker chuckles while making fun of themselves,Humor,6,1,humour,positif,modere,moyenne,non_applicable,non_applicable,non_applicable
1033,[self-doubt],Speaker conveys self-doubt and uncertainty,Introspective,10,3,reflexif_interieur,neutre,modere,moyenne,non_applicable,non_applicable,non_applicable
609,[self-interrupt],Speaker interrupts themselves,Dialogue,6,2,dialogue,neutre,modere,moyenne,non_applicable,non_applicable,non_applicable
1032,[self-reflective],Speaker conveys self-reflection and thoughtful introspection,Introspective,9,3,reflexif_interieur,neutre,modere,moyenne,non_applicable,non_applicable,non_applicable
1706,[sensitive],"Gentle, considerate",Emotion,12,4,emotion,positif,subtil,moyenne,non_applicable,douce,lent
435,[sensory detail],Speaker uses sensory-rich narrative,Narrative,14,4,narration,neutre,modere,moyenne,non_applicable,grave,non_applicable
1697,[serene],"Tranquil, composed",Emotion,6,1,emotion,positif,modere,basse,non_applicable,non_applicable,non_applicable
656,[serious interruption],Speaker interrupts seriously,Dialogue,14,4,dialogue,negatif,modere,moyenne,non_applicable,non_applicable,non_applicable
1769,[serious],"Grave, solemn",Emotion,12,3,emotion,negatif,modere,moyenne,non_applicable,non_applicable,non_applicable
210,[sermon],Speaker sounds like they are hearing a sermon,Environment,4,1,environnement_acoustique,neutre,modere,non_applicable,non_applicable,non_applicable,non_applicable
809,[servo buzz],Speaker sounds like servo motor buzzing,Effects,6,2,effet_technique,neutre,modere,moyenne,non_applicable,non_applicable,non_applicable
999,[sexy gasp],Speaker gasps in a playfully sexy way,Humor,14,4,humour,positif,modere,moyenne,respiration,non_applicable,non_applicable
1107,[shameful whisper],Speaker whispers with shame,Introspective,8,2,reflexif_interieur,neutre,subtil,moyenne,non_applicable,non_applicable,non_applicable
278,[sharp pain],Speaker sounds like they feel sharp pain,Body States,14,4,etat_physique,negatif,modere,moyenne,douleur,aigue,non_applicable
614,[sharp rebuttal],Speaker sharply rebuts something,Dialogue,13,4,dialogue,neutre,modere,moyenne,non_applicable,aigue,non_applicable
1659,[shh],Silencing gesture,Vocal Effects,7,2,vocalisation_non_verbale,neutre,modere,moyenne,non_applicable,non_applicable,non_applicable
1240,[shield clang],Sound of shield being hit,Sound Effects,4,1,effet_sonore,neutre,modere,non_applicable,non_applicable,non_applicable,non_applicable
325,[shin pain],Speaker sounds like they have shin pain,Body States,14,4,etat_physique,negatif,modere,moyenne,douleur,non_applicable,non_applicable
1244,[ship creaking],Sound of wooden ship creaking,Sound Effects,11,3,effet_sonore,neutre,modere,non_applicable,non_applicable,non_applicable,non_applicable
241,[shivering],Speaker sounds like they are cold and shivering,Body States,14,4,etat_physique,negatif,modere,moyenne,sensation,dure,non_applicable
1736,[shocked],"Stunned, startled",Emotion,6,2,emotion,ambivalent,modere,moyenne,non_applicable,non_applicable,non_applicable
204,[shopping cart],Speaker sounds like they are hearing shopping cart sounds,Environment,10,3,environnement_acoustique,neutre,modere,non_applicable,non_applicable,non_applicable,non_applicable
237,[short of breath],Speaker sounds like they are having difficulty breathing,Body States,12,4,etat_physique,neutre,modere,moyenne,respiration,non_applicable,non_applicable
1480,[short pause],Brief hesitation,Rhythm,5,1,rythme_tempo,neutre,modere,moyenne,non_applicable,non_applicable,non_applicable
329,[shoulder ache],Speaker sounds like their shoulders are aching,Body States,7,2,etat_physique,negatif,modere,moyenne,douleur,non_applicable,non_applicable
1323,[shout],Speaker speaks loudly and forcefully,Styles,9,4,style_parole,negatif,extreme,moyenne,non_applicable,non_applicable,non_applicable
639,[shouted reply],Speaker shouts their reply,Dialogue,5,1,dialogue,negatif,extreme,moyenne,non_applicable,non_applicable,non_applicable
1308,[shredder],Sound of paper shredder,Sound Effects,12,3,effet_sonore,neutre,modere,non_applicable,non_applicable,non_applicable,non_applicable
1576,[shriek],High-pitched scream,Vocal Effects,14,4,vocalisation_non_verbale,negatif,extreme,moyenne,non_applicable,aigue,non_applicable
1640,[shush],Quiet gesture sound,Vocal Effects,15,5,vocalisation_non_verbale,neutre,subtil,basse,non_applicable,non_applicable,non_applicable
793,[side‑tone],Speaker sounds like side-tone effect,Effects,7,2,effet_technique,neutre,modere,moyenne,non_applicable,non_applicable,non_applicable
791,[sidechain pump],Speaker sounds like sidechain pumping,Effects,5,1,effet_technique,neutre,modere,moyenne,non_applicable,non_applicable,non_applicable
648,[sidekick interrupts],Supporting character interrupts,Dialogue,9,3,dialogue,neutre,modere,moyenne,non_applicable,non_applicable,non_applicable
1549,[sigh],Exhaled breath expression,Vocal Effects,13,4,vocalisation_non_verbale,neutre,modere,moyenne,respiration,non_applicable,non_applicable
611,[sighs between lines],Speaker sighs between dialogue lines,Dialogue,7,2,dialogue,neutre,modere,moyenne,non_applicable,non_applicable,non_applicable
1477,[silence],Complete quiet moments,Rhythm,4,1,rythme_tempo,neutre,extreme,basse,non_applicable,non_applicable,non_applicable
1014,[silly disclaimer],Speaker gives silly disclaimers,Humor,15,4,humour,neutre,modere,moyenne,non_applicable,non_applicable,non_applicable
974,[silly shout],Speaker shouts in a silly comedic way,Humor,4,1,humour,negatif,extreme,moyenne,non_applicable,non_applicable,non_applicable
973,[silly whisper],Speaker whispers in a silly comedic way,Humor,15,6,humour,neutre,subtil,moyenne,non_applicable,non_applicable,non_applicable
1430,[simple],Speaker speaks in basic terms,Styles,15,4,style_parole,neutre,modere,moyenne,non_applicable,non_applicable,non_applicable
1708,[sincere],"Genuine, honest",Emotion,12,3,emotion,ambivalent,modere,moyenne,non_applicable,non_applicable,non_applicable
746,[sine wave tone],Speaker sounds like sine wave tone,Effects,8,2,effet_technique,neutre,modere,moyenne,non_applicable,non_applicable,non_applicable
1403,[sing-song],Speaker speaks with musical ups and downs,Styles,11,3,style_parole,neutre,modere,moyenne,non_applicable,douce,non_applicable
1178,[siren],Sound of emergency siren wailing,Sound Effects,7,2,effet_sonore,negatif,modere,non_applicable,non_applicable,non_applicable,non_applicable
338,[sit slowly],Speaker sounds like they are sitting down slowly,Body States,9,2,etat_physique,neutre,modere,moyenne,sensation,non_applicable,non_applicable
461,[skeptical narration],Speaker uses questioning narrative tone,Narrative,15,4,narration,neutre,modere,moyenne,non_applicable,non_applicable,non_applicable
1726,[skeptical],"Doubtful, questioning",Emotion,7,2,emotion,neutre,modere,moyenne,non_applicable,non_applicable,non_applicable
1441,[slang],Speaker uses informal language,Styles,10,3,style_parole,neutre,modere,moyenne,non_applicable,non_applicable,non_applicable
937,[slapstick sound],Speaker sounds like physical slapstick comedy,Humor,15,4,humour,neutre,modere,moyenne,non_applicable,non_applicable,non_applicable
513,[slapstick],Speaker sounds like they are in a slapstick comedy,Genre,6,1,genre_narratif,neutre,modere,moyenne,non_applicable,non_applicable,non_applicable
504,[slasher],Speaker sounds like they are in a slasher horror story,Genre,7,2,genre_narratif,negatif,modere,moyenne,non_applicable,non_applicable,non_applicable
346,[sleep rustle],Speaker sounds like they are rustling in their sleep,Body States,6,1,etat_physique,neutre,modere,moyenne,sensation,non_applicable,nuit
3,[sleepy morning],Speaker sounds drowsy and tired in the morning,Mood,15,5,humeur_tonale,negatif,modere,basse,non_applicable,non_applicable,matin
560,[slice of life],Speaker sounds like they are in a slice of life story,Genre,9,3,genre_narratif,neutre,modere,moyenne,non_applicable,non_applicable,non_applicable
1367,[sloppy],Speaker speaks carelessly,Styles,15,5,style_parole,neutre,modere,moyenne,non_applicable,non_applicable,non_applicable
1275,[slot machine],Sound of slot machine spinning,Sound Effects,7,2,effet_sonore,neutre,modere,non_applicable,non_applicable,non_applicable,non_applicable
664,[slow exchange],Speaker engages in slow dialogue,Dialogue,8,2,dialogue,neutre,modere,basse,non_applicable,non_applicable,lent
438,[slow reveal],Speaker gradually reveals information,Narrative,14,4,narration,neutre,modere,basse,non_applicable,non_applicable,lent
1327,[slow speaking],Speaker talks slowly and deliberately,Styles,12,4,style_parole,neutre,modere,basse,non_applicable,non_applicable,lent
705,[slow-mo],Speaker sounds like slow motion effect,Effects,5,1,effet_technique,neutre,modere,basse,non_applicable,non_applicable,lent
1466,[slow],Deliberately slow pace,Rhythm,9,3,rythme_tempo,neutre,modere,basse,non_applicable,non_applicable,lent
1468,[sluggish],"Heavy, slow delivery",Rhythm,8,2,rythme_tempo,neutre,modere,basse,non_applicable,grave,lent
1635,[slurp],Liquid drinking sound,Vocal Effects,8,2,vocalisation_non_verbale,neutre,modere,moyenne,non_applicable,non_applicable,non_applicable
1486,[slurred],"Unclear, blended words",Rhythm,7,2,rythme_tempo,neutre,modere,moyenne,non_applicable,non_applicable,non_applicable
1390,[slurring],Speaker speaks with unclear articulation,Styles,12,3,style_parole,neutre,modere,moyenne,non_applicable,non_applicable,non_applicable
1540,[smooth flow],Effortless continuity,Rhythm,14,4,rythme_tempo,neutre,modere,moyenne,non_applicable,douce,non_applicable
1340,[smooth],Speaker speaks with flowing smooth delivery,Styles,13,4,style_parole,neutre,modere,moyenne,non_applicable,douce,non_applicable
1188,[snake hiss],Sound of snake hissing,Sound Effects,11,3,effet_sonore,neutre,modere,non_applicable,non_applicable,non_applicable,non_applicable
1623,[snap],Quick finger click,Vocal Effects,4,1,vocalisation_non_verbale,neutre,modere,haute,non_applicable,non_applicable,rapide
932,[snarky comment],"Speaker makes a snarky, witty remark",Humor,8,2,humour,neutre,modere,moyenne,non_applicable,non_applicable,non_applicable
288,[sneezing],Speaker sounds like they are sneezing,Body States,12,3,etat_physique,neutre,modere,moyenne,sensation,non_applicable,non_applicable
1673,[snicker],Suppressed laugh,Vocal Effects,14,4,vocalisation_non_verbale,positif,subtil,moyenne,non_applicable,non_applicable,non_applicable
1629,[sniff],Nasal inhalation,Vocal Effects,7,2,vocalisation_non_verbale,neutre,modere,moyenne,non_applicable,nasale,non_applicable
1630,[sniffle],Congested nose sound,Vocal Effects,14,4,vocalisation_non_verbale,neutre,modere,moyenne,non_applicable,nasale,non_applicable
240,[sniffling],Speaker sounds like they are sniffling,Body States,14,4,etat_physique,neutre,modere,moyenne,sensation,nasale,non_applicable
1588,[snore],Sleeping breath sound,Vocal Effects,6,2,vocalisation_non_verbale,neutre,modere,moyenne,respiration,non_applicable,nuit
990,[snort laugh],Speaker snorts while laughing,Humor,13,4,humour,positif,modere,moyenne,non_applicable,non_applicable,non_applicable
1631,[snort laugh],Nasal laugh burst,Vocal Effects,13,4,vocalisation_non_verbale,positif,modere,moyenne,non_applicable,aigue,non_applicable
1560,[snort],Nasal laugh sound,Vocal Effects,5,1,vocalisation_non_verbale,positif,modere,moyenne,non_applicable,aigue,non_applicable
660,[sob break],Speaker breaks into sobbing,Dialogue,7,2,dialogue,neutre,modere,moyenne,non_applicable,non_applicable,non_applicable
1552,[sob],Crying sound,Vocal Effects,12,4,vocalisation_non_verbale,negatif,modere,moyenne,visage,non_applicable,non_applicable
1553,[sobs],Multiple crying sounds,Vocal Effects,5,1,vocalisation_non_verbale,negatif,modere,moyenne,visage,non_applicable,non_applicable
28,[social afternoon],Speaker sounds friendly and engaging in the afternoon,Mood,12,4,humeur_tonale,neutre,modere,moyenne,non_applicable,non_applicable,matin
1235,[soda fizz],Sound of carbonated drink fizzing,Sound Effects,14,4,effet_sonore,neutre,modere,non_applicable,non_applicable,non_applicable,non_applicable
615,[soft affirmation],Speaker gently affirms something,Dialogue,4,1,dialogue,neutre,subtil,moyenne,non_applicable,douce,non_applicable
1065,[soft confession],Speaker makes a soft confession,Introspective,8,2,reflexif_interieur,neutre,subtil,moyenne,non_applicable,douce,non_applicable
617,[soft negation],Speaker gently denies something,Dialogue,10,3,dialogue,neutre,subtil,moyenne,non_applicable,douce,non_applicable
613,[soft rebuttal],Speaker gently rebuts something,Dialogue,9,3,dialogue,neutre,subtil,moyenne,non_applicable,douce,non_applicable
488,[soft sci-fi],Speaker sounds like they are in a speculative sci-fi setting,Genre,9,3,genre_narratif,neutre,subtil,moyenne,non_applicable,douce,non_applicable
638,[soft whisper to respond],Speaker whispers their response,Dialogue,12,3,dialogue,neutre,subtil,moyenne,non_applicable,douce,non_applicable
738,[soft‑clip],Speaker sounds like soft clipped audio,Effects,9,3,effet_technique,neutre,subtil,moyenne,non_applicable,douce,non_applicable
1770,[solemn],"Formal, dignified",Emotion,13,4,emotion,neutre,modere,moyenne,non_applicable,non_applicable,non_applicable
757,[solid state mic],Speaker sounds like solid state microphone,Effects,9,3,effet_technique,neutre,modere,moyenne,non_applicable,non_applicable,non_applicable
404,[soothing narration],Speaker uses calming narrative tone,Narrative,9,3,narration,neutre,modere,moyenne,non_applicable,douce,non_applicable
1431,[sophisticated],Speaker speaks with refinement,Styles,14,4,style_parole,neutre,modere,moyenne,non_applicable,non_applicable,non_applicable
312,[sore foot],Speaker sounds like they have sore feet,Body States,14,4,etat_physique,neutre,modere,moyenne,douleur,non_applicable,non_applicable
280,[sore muscles],Speaker sounds like they have sore muscles,Body States,15,5,etat_physique,neutre,modere,moyenne,douleur,non_applicable,non_applicable
256,[sore throat],Speaker sounds like they have a sore throat,Body States,9,2,etat_physique,neutre,modere,moyenne,douleur,non_applicable,non_applicable
640,[sotto voce response],Speaker responds in an undertone,Dialogue,6,2,dialogue,neutre,modere,moyenne,non_applicable,non_applicable,non_applicable
1039,[soul-searching],Speaker conveys deep soul-searching,Introspective,14,4,reflexif_interieur,neutre,modere,moyenne,non_applicable,grave,non_applicable
1059,[soulful pause],Speaker pauses with a soulful tone,Introspective,9,2,reflexif_interieur,neutre,modere,moyenne,non_applicable,non_applicable,non_applicable
1058,[soulful sigh],Speaker lets out a soulful sigh,Introspective,4,1,reflexif_interieur,neutre,modere,moyenne,respiration,non_applicable,non_applicable
1060,[soulful tone],Speaker speaks with a soulful tone,Introspective,15,4,reflexif_interieur,neutre,modere,moyenne,non_applicable,non_applicable,non_applicable
486,[space opera],Speaker sounds like they are in an epic space adventure,Genre,12,3,genre_narratif,neutre,modere,moyenne,non_applicable,non_applicable,non_applicable
550,[space western],Speaker sounds like they are in a space western,Genre,12,3,genre_narratif,neutre,modere,moyenne,non_applicable,dure,non_applicable
548,[spaghetti western],Speaker sounds like they are in a spaghetti western,Genre,15,5,genre_narratif,neutre,modere,moyenne,non_applicable,dure,non_applicable
731,[speaking through mask],Speaker sounds like speaking through mask,Effects,9,3,effet_technique,neutre,modere,moyenne,non_applicable,dure,non_applicable
1463,[speedy],Very quick delivery,Rhythm,9,2,rythme_tempo,neutre,fort,haute,non_applicable,non_applicable,rapide
1055,[spiritual awakening],Speaker conveys a spiritual awakening,Introspective,8,2,reflexif_interieur,neutre,modere,moyenne,non_applicable,non_applicable,non_applicable
1056,[spiritual doubt],Speaker conveys spiritual doubt and hesitation,Introspective,7,2,reflexif_interieur,neutre,modere,moyenne,non_applicable,non_applicable,non_applicable
1057,[spiritual longing],Speaker conveys spiritual longing,Introspective,12,3,reflexif_interieur,neutre,modere,moyenne,non_applicable,non_applicable,non_applicable
1054,[spiritual questioning],Speaker conveys spiritual questioning,Introspective,6,1,reflexif_interieur,neutre,modere,moyenne,non_applicable,non_applicable,non_applicable
1197,[splash],Sound of water splashing,Sound Effects,6,2,effet_sonore,neutre,modere,non_applicable,non_applicable,non_applicable,non_applicable
1010,[spoiler joke],Speaker makes humor about spoilers,Humor,11,3,humour,neutre,modere,moyenne,non_applicable,non_applicable,non_applicable
1419,[spontaneous],Speaker speaks without planning,Styles,9,3,style_parole,neutre,modere,moyenne,non_applicable,non_applicable,non_applicable
1011,[spoof news],Speaker sounds like parody news reporting,Humor,14,4,humour,neutre,modere,moyenne,non_applicable,non_applicable,non_applicable
956,[spoof trailer],Speaker sounds like a parody movie trailer,Humor,8,2,humour,neutre,modere,moyenne,non_applicable,non_applicable,non_applicable
397,[sports announcer],Speaker uses sports commentary narrative,Narrative,7,2,narration,neutre,modere,moyenne,non_applicable,non_applicable,non_applicable
546,[sports drama],Speaker sounds like they are in a sports drama,Genre,6,2,genre_narratif,neutre,modere,moyenne,non_applicable,non_applicable,non_applicable
785,[spread chorus],Speaker sounds like spread chorus effect,Effects,8,2,effet_technique,neutre,modere,moyenne,non_applicable,non_applicable,non_applicable
541,[spy thriller],Speaker sounds like they are in a spy thriller,Genre,8,2,genre_narratif,positif,modere,moyenne,non_applicable,non_applicable,non_applicable
747,[square wave tone],Speaker sounds like square wave tone,Effects,7,2,effet_technique,neutre,modere,moyenne,non_applicable,non_applicable,non_applicable
1626,[squeak],High-pitched friction sound,Vocal Effects,13,4,vocalisation_non_verbale,neutre,modere,moyenne,non_applicable,aigue,non_applicable
1397,[squeaking],Speaker speaks with high thin voice,Styles,7,2,style_parole,neutre,modere,moyenne,non_applicable,aigue,non_applicable
801,[stabilize tone],Speaker sounds like tone stabilized,Effects,12,3,effet_technique,neutre,modere,moyenne,non_applicable,non_applicable,non_applicable
1337,[staccato],Speaker speaks in short choppy bursts,Styles,13,4,style_parole,neutre,modere,moyenne,non_applicable,non_applicable,non_applicable
1504,[staccato],"Sharp, detached words",Rhythm,10,3,rythme_tempo,neutre,modere,tres_basse,non_applicable,aigue,non_applicable
213,[stadium announcer],Speaker sounds like they are hearing stadium announcements,Environment,5,1,environnement_acoustique,neutre,modere,non_applicable,non_applicable,non_applicable,non_applicable
212,[stadium cheer],Speaker sounds like they are hearing stadium cheering,Environment,14,4,environnement_acoustique,neutre,modere,non_applicable,non_applicable,non_applicable,non_applicable
211,[stadium crowd],Speaker sounds like they are in a stadium with crowd noise,Environment,13,4,environnement_acoustique,neutre,modere,non_applicable,non_applicable,non_applicable,non_applicable
215,[stadium team chant],Speaker sounds like they are hearing team chants,Environment,6,2,environnement_acoustique,neutre,modere,non_applicable,non_applicable,non_applicable,non_applicable
214,[stadium whistle],Speaker sounds like they are hearing sports whistles,Environment,9,3,environnement_acoustique,neutre,modere,non_applicable,non_applicable,non_applicable,non_applicable
1394,[stage whisper],Speaker whispers theatrically,Styles,15,5,style_parole,neutre,subtil,moyenne,non_applicable,non_applicable,non_applicable
250,[staggering],Speaker sounds like they are walking unsteadily,Body States,15,5,etat_physique,neutre,modere,moyenne,sensation,non_applicable,non_applicable
1482,[stammer],Repetitive speech blocks,Rhythm,10,3,rythme_tempo,neutre,modere,moyenne,non_applicable,non_applicable,non_applicable
627,[stammered apology],Speaker stammers while apologizing,Dialogue,11,3,dialogue,neutre,modere,moyenne,non_applicable,non_applicable,non_applicable
1387,[stammering],Speaker speaks with repeated sounds,Styles,15,4,style_parole,neutre,modere,moyenne,non_applicable,non_applicable,non_applicable
1483,[stammers],Multiple speech hesitations,Rhythm,14,4,rythme_tempo,neutre,modere,moyenne,non_applicable,non_applicable,non_applicable
339,[stand slowly],Speaker sounds like they are standing up slowly,Body States,6,2,etat_physique,neutre,modere,moyenne,sensation,non_applicable,non_applicable
1309,[stapler],Sound of stapler stapling,Sound Effects,9,3,effet_sonore,neutre,modere,non_applicable,non_applicable,non_applicable,non_applicable
1738,[startled],Suddenly alarmed,Emotion,8,2,emotion,negatif,modere,moyenne,non_applicable,non_applicable,non_applicable
1471,[steady],"Consistent, even pace",Rhythm,9,2,rythme_tempo,neutre,modere,moyenne,non_applicable,non_applicable,non_applicable
575,[steampunk detective],Speaker sounds like they are in a steampunk detective story,Genre,9,3,genre_narratif,neutre,modere,moyenne,non_applicable,non_applicable,non_applicable
479,[steampunk],Speaker sounds like they are in a steampunk world,Genre,6,2,genre_narratif,neutre,modere,moyenne,non_applicable,non_applicable,non_applicable
789,[stereo widen],Speaker sounds like stereo widened,Effects,5,1,effet_technique,neutre,modere,moyenne,non_applicable,non_applicable,non_applicable
1771,[stern],"Strict, severe",Emotion,13,4,emotion,ambivalent,modere,moyenne,non_applicable,dure,non_applicable
284,[stiff joints],Speaker sounds like they have stiff joints,Body States,6,1,etat_physique,neutre,modere,moyenne,sensation,dure,non_applicable
279,[stiff neck],Speaker sounds like they have a stiff neck,Body States,14,4,etat_physique,neutre,modere,moyenne,douleur,dure,non_applicable
1377,[stilted],Speaker speaks awkwardly and unnaturally,Styles,15,5,style_parole,neutre,modere,moyenne,non_applicable,non_applicable,non_applicable
1779,[stoic],Emotionally restrained,Emotion,9,3,emotion,negatif,subtil,moyenne,non_applicable,non_applicable,non_applicable
321,[stomach crunch],Speaker sounds like their stomach is crunching,Body States,14,4,etat_physique,neutre,modere,moyenne,douleur,non_applicable,non_applicable
323,[stomach groan],Speaker sounds like their stomach is groaning,Body States,15,4,etat_physique,neutre,modere,moyenne,douleur,non_applicable,non_applicable
258,[stomach gurgling],Speaker sounds like their stomach is making noise,Body States,5,1,etat_physique,neutre,modere,moyenne,douleur,non_applicable,non_applicable
307,[stomach rumble],Speaker sounds like their stomach is rumbling,Body States,7,2,etat_physique,neutre,modere,moyenne,douleur,grave,non_applicable
1517,[stop-start],Interrupted rhythm,Rhythm,13,4,rythme_tempo,neutre,modere,moyenne,non_applicable,non_applicable,non_applicable
406,[storybook style],Speaker uses children's storybook narrative,Narrative,6,1,narration,neutre,modere,moyenne,non_applicable,non_applicable,non_applicable
351,[storytelling tone],Speaker uses a classic storytelling voice,Narrative,9,3,narration,neutre,modere,moyenne,non_applicable,non_applicable,non_applicable
1428,[straightforward],Speaker speaks simply and clearly,Styles,9,3,style_parole,neutre,modere,moyenne,non_applicable,non_applicable,matin
1421,[strategic],Speaker speaks with purpose,Styles,6,1,style_parole,neutre,modere,moyenne,non_applicable,non_applicable,non_applicable
367,[stream of consciousness],"Speaker uses flowing, unstructured narrative",Narrative,6,2,narration,neutre,modere,moyenne,non_applicable,non_applicable,non_applicable
163,[stream],Speaker sounds like they are near a small stream,Environment,4,1,environnement_acoustique,neutre,modere,non_applicable,non_applicable,non_applicable,non_applicable
1437,[street-smart],Speaker speaks with urban wisdom,Styles,7,2,style_parole,neutre,modere,moyenne,non_applicable,non_applicable,non_applicable
1526,[stress pause],Tension-filled silence,Rhythm,12,3,rythme_tempo,negatif,modere,moyenne,non_applicable,non_applicable,non_applicable
24,[stressed afternoon],Speaker sounds tense and overwhelmed in the afternoon,Mood,8,2,humeur_tonale,negatif,modere,moyenne,non_applicable,non_applicable,matin
336,[stretch arms],Speaker sounds like they are stretching their arms,Body States,14,4,etat_physique,neutre,modere,moyenne,sensation,non_applicable,non_applicable
337,[stretch back],Speaker sounds like they are stretching their back,Body States,4,1,etat_physique,neutre,modere,moyenne,douleur,non_applicable,non_applicable
253,[stretching],Speaker sounds like they are stretching their body,Body States,15,4,etat_physique,neutre,modere,moyenne,sensation,non_applicable,non_applicable
862,[strong afghan accent],Speaker speaks with a strong Afghan Accent.,Accents,15,4,accent_regional,neutre,fort,non_applicable,non_applicable,non_applicable,non_applicable
814,[strong american accent],Speaker speaks with a strong American Accent.,Accents,12,3,accent_regional,neutre,fort,non_applicable,non_applicable,non_applicable,non_applicable
839,[strong arabic accent],Speaker speaks with a strong Arabic Accent.,Accents,9,2,accent_regional,neutre,fort,non_applicable,non_applicable,non_applicable,non_applicable
853,[strong argentinian accent],Speaker speaks with a strong Argentinian Accent.,Accents,5,1,accent_regional,neutre,fort,non_applicable,non_applicable,non_applicable,non_applicable
890,[strong armenian accent],Speaker speaks with a strong Armenian Accent.,Accents,13,4,accent_regional,neutre,fort,non_applicable,non_applicable,non_applicable,non_applicable
815,[strong australian accent],Speaker speaks with a strong Australian Accent.,Accents,15,5,accent_regional,neutre,fort,non_applicable,non_applicable,non_applicable,non_applicable
864,[strong bangladeshi accent],Speaker speaks with a strong Bangladeshi Accent.,Accents,12,3,accent_regional,neutre,fort,non_applicable,non_applicable,non_applicable,non_applicable
909,[strong basque accent],Speaker speaks with a strong Basque Accent.,Accents,6,1,accent_regional,neutre,fort,non_applicable,non_applicable,non_applicable,non_applicable
875,[strong bengali accent],Speaker speaks with a strong Bengali Accent.,Accents,7,2,accent_regional,neutre,fort,non_applicable,non_applicable,non_applicable,non_applicable
900,[strong bosnian accent],Speaker speaks with a strong Bosnian Accent.,Accents,5,1,accent_regional,neutre,fort,non_applicable,non_applicable,non_applicable,non_applicable
824,[strong brazilian accent],Speaker speaks with a strong Brazilian Accent.,Accents,7,2,accent_regional,neutre,fort,non_applicable,non_applicable,non_applicable,non_applicable
813,[strong british accent],Speaker speaks with a strong British Accent.,Accents,4,1,accent_regional,neutre,fort,non_applicable,non_applicable,non_applicable,non_applicable
901,[strong bulgarian accent],Speaker speaks with a strong Bulgarian Accent.,Accents,6,2,accent_regional,neutre,fort,non_applicable,non_applicable,non_applicable,non_applicable
849,[strong californian accent],Speaker speaks with a strong Californian Accent.,Accents,4,1,accent_regional,neutre,fort,non_applicable,non_applicable,non_applicable,non_applicable
871,[strong cambodian accent],Speaker speaks with a strong Cambodian Accent.,Accents,5,1,accent_regional,neutre,fort,non_applicable,non_applicable,non_applicable,non_applicable
816,[strong canadian accent],Speaker speaks with a strong Canadian Accent.,Accents,13,4,accent_regional,neutre,fort,non_applicable,non_applicable,non_applicable,non_applicable
841,[strong caribbean accent],Speaker speaks with a strong Caribbean Accent.,Accents,12,4,accent_regional,neutre,fort,non_applicable,non_applicable,non_applicable,non_applicable
908,[strong catalan accent],Speaker speaks with a strong Catalan Accent.,Accents,6,1,accent_regional,neutre,fort,non_applicable,non_applicable,non_applicable,non_applicable
854,[strong chilean accent],Speaker speaks with a strong Chilean Accent.,Accents,9,3,accent_regional,neutre,fort,non_applicable,non_applicable,non_applicable,non_applicable
828,[strong chinese accent],Speaker speaks with a strong Chinese Accent.,Accents,9,3,accent_regional,neutre,fort,non_applicable,non_applicable,non_applicable,non_applicable
855,[strong colombian accent],Speaker speaks with a strong Colombian Accent.,Accents,15,4,accent_regional,neutre,fort,non_applicable,non_applicable,non_applicable,non_applicable
898,[strong croatian accent],Speaker speaks with a strong Croatian Accent.,Accents,7,2,accent_regional,neutre,fort,non_applicable,non_applicable,non_applicable,non_applicable
896,[strong czech accent],Speaker speaks with a strong Czech Accent.,Accents,14,4,accent_regional,neutre,fort,non_applicable,non_applicable,non_applicable,non_applicable
834,[strong danish accent],Speaker speaks with a strong Danish Accent.,Accents,4,1,accent_regional,neutre,fort,non_applicable,non_applicable,non_applicable,non_applicable
831,[strong dutch accent],Speaker speaks with a strong Dutch Accent.,Accents,6,1,accent_regional,neutre,fort,non_applicable,non_applicable,non_applicable,non_applicable
848,[strong eastern us accent],Speaker speaks with a strong Eastern US Accent.,Accents,6,1,accent_regional,neutre,fort,non_applicable,non_applicable,dure,non_applicable
858,[strong egyptian accent],Speaker speaks with a strong Egyptian Accent.,Accents,11,3,accent_regional,neutre,fort,non_applicable,non_applicable,non_applicable,non_applicable
912,[strong esperanto accent],Speaker speaks with a strong Esperanto Accent.,Accents,14,4,accent_regional,neutre,fort,non_applicable,non_applicable,non_applicable,non_applicable
902,[strong estonian accent],Speaker speaks with a strong Estonian Accent.,Accents,14,4,accent_regional,neutre,fort,non_applicable,non_applicable,non_applicable,non_applicable
913,[strong fictional alien accent],Speaker speaks with a strong Fictional Alien Accent.,Accents,14,4,accent_regional,neutre,fort,non_applicable,non_applicable,non_applicable,non_applicable
868,[strong filipino accent],Speaker speaks with a strong Filipino Accent.,Accents,14,4,accent_regional,neutre,fort,non_applicable,non_applicable,non_applicable,non_applicable
835,[strong finnish accent],Speaker speaks with a strong Finnish Accent.,Accents,13,4,accent_regional,neutre,fort,non_applicable,non_applicable,non_applicable,non_applicable
819,[strong french accent],Speaker speaks with a strong French Accent.,Accents,15,4,accent_regional,neutre,fort,non_applicable,non_applicable,non_applicable,non_applicable
910,[strong galician accent],Speaker speaks with a strong Galician Accent.,Accents,12,4,accent_regional,neutre,fort,non_applicable,non_applicable,non_applicable,non_applicable
891,[strong georgian accent],Speaker speaks with a strong Georgian Accent.,Accents,12,3,accent_regional,neutre,fort,non_applicable,non_applicable,non_applicable,non_applicable
820,[strong german accent],Speaker speaks with a strong German Accent.,Accents,7,2,accent_regional,neutre,fort,non_applicable,non_applicable,non_applicable,non_applicable
893,[strong greek accent],Speaker speaks with a strong Greek Accent.,Accents,15,5,accent_regional,neutre,fort,non_applicable,non_applicable,non_applicable,non_applicable
877,[strong gujarati accent],Speaker speaks with a strong Gujarati Accent.,Accents,12,4,accent_regional,neutre,fort,non_applicable,non_applicable,non_applicable,non_applicable
861,[strong gulf arabic accent],Speaker speaks with a strong Gulf Arabic Accent.,Accents,6,1,accent_regional,neutre,fort,non_applicable,non_applicable,non_applicable,non_applicable
883,[strong hebrew accent],Speaker speaks with a strong Hebrew Accent.,Accents,14,4,accent_regional,neutre,fort,non_applicable,non_applicable,non_applicable,non_applicable
895,[strong hungarian accent],Speaker speaks with a strong Hungarian Accent.,Accents,9,2,accent_regional,neutre,fort,non_applicable,non_applicable,non_applicable,non_applicable
906,[strong icelandic accent],Speaker speaks with a strong Icelandic Accent.,Accents,5,1,accent_regional,neutre,fort,non_applicable,non_applicable,non_applicable,non_applicable
888,[strong igbo accent],Speaker speaks with a strong Igbo Accent.,Accents,6,2,accent_regional,neutre,fort,non_applicable,non_applicable,non_applicable,non_applicable
825,[strong indian accent],Speaker speaks with a strong Indian Accent.,Accents,6,2,accent_regional,neutre,fort,non_applicable,non_applicable,non_applicable,non_applicable
866,[strong indonesian accent],Speaker speaks with a strong Indonesian Accent.,Accents,9,2,accent_regional,neutre,fort,non_applicable,non_applicable,non_applicable,non_applicable
817,[strong irish accent],Speaker speaks with a strong Irish Accent.,Accents,4,1,accent_regional,neutre,fort,non_applicable,non_applicable,non_applicable,non_applicable
821,[strong italian accent],Speaker speaks with a strong Italian Accent.,Accents,8,2,accent_regional,neutre,fort,non_applicable,non_applicable,non_applicable,non_applicable
842,[strong jamaican accent],Speaker speaks with a strong Jamaican Accent.,Accents,10,3,accent_regional,neutre,fort,non_applicable,non_applicable,non_applicable,non_applicable
829,[strong japanese accent],Speaker speaks with a strong Japanese Accent.,Accents,12,3,accent_regional,neutre,fort,non_applicable,non_applicable,non_applicable,non_applicable
892,[strong kazakh accent],Speaker speaks with a strong Kazakh Accent.,Accents,15,5,accent_regional,neutre,fort,non_applicable,non_applicable,non_applicable,non_applicable
830,[strong korean accent],Speaker speaks with a strong Korean Accent.,Accents,13,4,accent_regional,neutre,fort,non_applicable,non_applicable,non_applicable,non_applicable
872,[strong lao accent],Speaker speaks with a strong Lao Accent.,Accents,9,3,accent_regional,neutre,fort,non_applicable,non_applicable,non_applicable,non_applicable
852,[strong latin american accent],Speaker speaks with a strong Latin American Accent.,Accents,6,1,accent_regional,neutre,fort,non_applicable,non_applicable,non_applicable,non_applicable
903,[strong latvian accent],Speaker speaks with a strong Latvian Accent.,Accents,6,2,accent_regional,neutre,fort,non_applicable,non_applicable,non_applicable,non_applicable
904,[strong lithuanian accent],Speaker speaks with a strong Lithuanian Accent.,Accents,10,3,accent_regional,neutre,fort,non_applicable,non_applicable,non_applicable,non_applicable
867,[strong malaysian accent],Speaker speaks with a strong Malaysian Accent.,Accents,12,4,accent_regional,neutre,fort,non_applicable,non_applicable,non_applicable,non_applicable
905,[strong malta accent],Speaker speaks with a strong Maltese Accent.,Accents,7,2,accent_regional,neutre,fort,non_applicable,non_applicable,non_applicable,non_applicable
880,[strong marathi accent],Speaker speaks with a strong Marathi Accent.,Accents,15,4,accent_regional,neutre,fort,non_applicable,non_applicable,non_applicable,non_applicable
823,[strong mexican accent],Speaker speaks with a strong Mexican Accent.,Accents,15,4,accent_regional,neutre,fort,non_applicable,non_applicable,non_applicable,non_applicable
847,[strong midwestern accent],Speaker speaks with a strong Midwestern Accent.,Accents,5,1,accent_regional,neutre,fort,non_applicable,non_applicable,dure,non_applicable
873,[strong mongolian accent],Speaker speaks with a strong Mongolian Accent.,Accents,15,4,accent_regional,neutre,fort,non_applicable,non_applicable,non_applicable,non_applicable
859,[strong moroccan accent],Speaker speaks with a strong Moroccan Accent.,Accents,9,3,accent_regional,neutre,fort,non_applicable,non_applicable,non_applicable,non_applicable
874,[strong nepalese accent],Speaker speaks with a strong Nepalese Accent.,Accents,15,4,accent_regional,neutre,fort,non_applicable,non_applicable,non_applicable,non_applicable
843,[strong new zealand accent],Speaker speaks with a strong New Zealand Accent.,Accents,4,1,accent_regional,neutre,fort,non_applicable,non_applicable,non_applicable,non_applicable
833,[strong norwegian accent],Speaker speaks with a strong Norwegian Accent.,Accents,6,2,accent_regional,neutre,fort,non_applicable,non_applicable,non_applicable,non_applicable
863,[strong pakistani accent],Speaker speaks with a strong Pakistani Accent.,Accents,13,4,accent_regional,neutre,fort,non_applicable,non_applicable,non_applicable,non_applicable
882,[strong persian accent],Speaker speaks with a strong Persian Accent.,Accents,12,4,accent_regional,neutre,fort,non_applicable,non_applicable,non_applicable,non_applicable
856,[strong peruvian accent],Speaker speaks with a strong Peruvian Accent.,Accents,11,3,accent_regional,neutre,fort,non_applicable,non_applicable,non_applicable,non_applicable
914,[strong pirate accent],Speaker speaks with a strong Pirate Accent.,Accents,9,3,accent_regional,neutre,fort,non_applicable,non_applicable,non_applicable,non_applicable
836,[strong polish accent],Speaker speaks with a strong Polish Accent.,Accents,10,3,accent_regional,neutre,fort,non_applicable,non_applicable,non_applicable,non_applicable
840,[strong portuguese accent],Speaker speaks with a strong Portuguese Accent.,Accents,9,3,accent_regional,neutre,fort,non_applicable,non_applicable,non_applicable,non_applicable
876,[strong punjabi accent],Speaker speaks with a strong Punjabi Accent.,Accents,5,1,accent_regional,neutre,fort,non_applicable,non_applicable,non_applicable,non_applicable
915,[strong robot accent],Speaker speaks with a strong Robot Accent.,Accents,12,3,accent_regional,neutre,fort,non_applicable,non_applicable,non_applicable,non_applicable
894,[strong romanian accent],Speaker speaks with a strong Romanian Accent.,Accents,15,5,accent_regional,neutre,fort,non_applicable,non_applicable,non_applicable,non_applicable
827,[strong russian accent],Speaker speaks with a strong Russian Accent.,Accents,5,1,accent_regional,neutre,fort,non_applicable,non_applicable,non_applicable,non_applicable
818,[strong scottish accent],Speaker speaks with a strong Scottish Accent.,Accents,14,4,accent_regional,neutre,fort,non_applicable,non_applicable,non_applicable,non_applicable
899,[strong serbian accent],Speaker speaks with a strong Serbian Accent.,Accents,10,3,accent_regional,neutre,fort,non_applicable,non_applicable,non_applicable,non_applicable
897,[strong slovak accent],Speaker speaks with a strong Slovak Accent.,Accents,10,3,accent_regional,neutre,fort,non_applicable,non_applicable,non_applicable,non_applicable
889,[strong somali accent],Speaker speaks with a strong Somali Accent.,Accents,12,4,accent_regional,neutre,fort,non_applicable,non_applicable,non_applicable,non_applicable
826,[strong south african accent],Speaker speaks with a strong South African Accent.,Accents,9,2,accent_regional,neutre,fort,non_applicable,non_applicable,non_applicable,non_applicable
844,[strong south us accent],Speaker speaks with a strong South US Accent.,Accents,4,1,accent_regional,neutre,fort,non_applicable,non_applicable,non_applicable,non_applicable
850,[strong southeastern us accent],Speaker speaks with a strong Southeastern US Accent.,Accents,8,2,accent_regional,neutre,fort,non_applicable,non_applicable,dure,non_applicable
846,[strong southern us accent],Speaker speaks with a strong Southern US Accent.,Accents,6,2,accent_regional,neutre,fort,non_applicable,non_applicable,non_applicable,non_applicable
822,[strong spanish accent],Speaker speaks with a strong Spanish Accent.,Accents,8,2,accent_regional,neutre,fort,non_applicable,non_applicable,non_applicable,non_applicable
865,[strong sri lankan accent],Speaker speaks with a strong Sri Lankan Accent.,Accents,9,2,accent_regional,neutre,fort,non_applicable,non_applicable,non_applicable,non_applicable
884,[strong swahili accent],Speaker speaks with a strong Swahili Accent.,Accents,11,3,accent_regional,neutre,fort,non_applicable,non_applicable,non_applicable,non_applicable
832,[strong swedish accent],Speaker speaks with a strong Swedish Accent.,Accents,13,4,accent_regional,neutre,fort,non_applicable,non_applicable,non_applicable,non_applicable
878,[strong tamil accent],Speaker speaks with a strong Tamil Accent.,Accents,13,4,accent_regional,neutre,fort,non_applicable,non_applicable,non_applicable,non_applicable
879,[strong telugu accent],Speaker speaks with a strong Telugu Accent.,Accents,6,1,accent_regional,neutre,fort,non_applicable,non_applicable,non_applicable,non_applicable
845,[strong texas accent],Speaker speaks with a strong Texas Accent.,Accents,7,2,accent_regional,neutre,fort,non_applicable,non_applicable,non_applicable,non_applicable
870,[strong thai accent],Speaker speaks with a strong Thai Accent.,Accents,12,3,accent_regional,neutre,fort,non_applicable,non_applicable,non_applicable,non_applicable
860,[strong tunisian accent],Speaker speaks with a strong Tunisian Accent.,Accents,12,3,accent_regional,neutre,fort,non_applicable,non_applicable,non_applicable,non_applicable
838,[strong turkish accent],Speaker speaks with a strong Turkish Accent.,Accents,8,2,accent_regional,neutre,fort,non_applicable,non_applicable,non_applicable,non_applicable
837,[strong ukrainian accent],Speaker speaks with a strong Ukrainian Accent.,Accents,14,4,accent_regional,neutre,fort,non_applicable,non_applicable,non_applicable,non_applicable
881,[strong urdu accent],Speaker speaks with a strong Urdu Accent.,Accents,13,4,accent_regional,neutre,fort,non_applicable,non_applicable,non_applicable,non_applicable
857,[strong venezuelan accent],Speaker speaks with a strong Venezuelan Accent.,Accents,7,3,accent_regional,neutre,fort,non_applicable,non_applicable,non_applicable,non_applicable
869,[strong vietnamese accent],Speaker speaks with a strong Vietnamese Accent.,Accents,7,2,accent_regional,neutre,fort,non_applicable,non_applicable,non_applicable,non_applicable
907,[strong welsh accent],Speaker speaks with a strong Welsh Accent.,Accents,13,4,accent_regional,neutre,fort,non_applicable,non_applicable,non_applicable,non_applicable
851,[strong western us accent],Speaker speaks with a strong Western US Accent.,Accents,10,3,accent_regional,neutre,fort,non_applicable,non_applicable,dure,non_applicable
886,[strong xhosa accent],Speaker speaks with a strong Xhosa Accent.,Accents,11,3,accent_regional,neutre,fort,non_applicable,non_applicable,non_applicable,non_applicable
911,[strong yiddish accent],Speaker speaks with a strong Yiddish Accent.,Accents,9,3,accent_regional,neutre,fort,non_applicable,non_applicable,non_applicable,non_applicable
887,[strong yoruba accent],Speaker speaks with a strong Yoruba Accent.,Accents,5,1,accent_regional,neutre,fort,non_applicable,non_applicable,non_applicable,non_applicable
885,[strong zulu accent],Speaker speaks with a strong Zulu Accent.,Accents,7,2,accent_regional,neutre,fort,non_applicable,non_applicable,non_applicable,non_applicable
1798,[stubborn],"Obstinate, unyielding",Emotion,4,1,emotion,ambivalent,modere,moyenne,non_applicable,non_applicable,non_applicable
399,[studio announcer],Speaker uses studio announcement style,Narrative,12,4,narration,neutre,modere,moyenne,non_applicable,non_applicable,non_applicable
760,[studio room tone],Speaker sounds like studio room tone,Effects,13,4,effet_technique,neutre,modere,moyenne,non_applicable,non_applicable,non_applicable
1484,[stutter],Involuntary speech repetition,Rhythm,4,1,rythme_tempo,neutre,extreme,moyenne,non_applicable,non_applicable,non_applicable
1388,[stuttering],Speaker speaks with speech impediment,Styles,6,2,style_parole,neutre,extreme,moyenne,non_applicable,non_applicable,non_applicable
1485,[stuttering],Ongoing speech disruption,Rhythm,9,3,rythme_tempo,neutre,extreme,moyenne,non_applicable,non_applicable,non_applicable
1457,[subjective],Speaker speaks from personal view,Styles,6,2,style_parole,neutre,modere,moyenne,non_applicable,non_applicable,non_applicable
764,[submarine filter],Speaker sounds like underwater submarine filter,Effects,6,1,effet_technique,neutre,modere,moyenne,non_applicable,non_applicable,non_applicable
1775,[submissive],"Yielding, compliant",Emotion,7,2,emotion,ambivalent,modere,moyenne,non_applicable,non_applicable,non_applicable
601,[suggests],Speaker makes a suggestion,Dialogue,12,4,dialogue,neutre,modere,moyenne,non_applicable,non_applicable,non_applicable
1790,[sultry],Sensually appealing,Emotion,7,2,emotion,ambivalent,modere,moyenne,non_applicable,non_applicable,non_applicable
597,[summarizes],Speaker summarizes what was discussed,Dialogue,6,1,dialogue,neutre,modere,moyenne,non_applicable,non_applicable,non_applicable
303,[sunburned],Speaker sounds like they are sunburned,Body States,11,3,etat_physique,neutre,modere,moyenne,sensation,non_applicable,non_applicable
11,[sunny midday],Speaker sounds bright and cheerful at midday,Mood,6,1,humeur_tonale,positif,modere,moyenne,non_applicable,non_applicable,matin
554,[superhero],Speaker sounds like they are in a superhero story,Genre,6,1,genre_narratif,neutre,modere,moyenne,non_applicable,non_applicable,non_applicable
203,[supermarket ambient],Speaker sounds like they are in a supermarket,Environment,15,4,environnement_acoustique,neutre,modere,non_applicable,non_applicable,non_applicable,non_applicable
501,[supernatural horror],Speaker sounds like they are in a supernatural horror,Genre,8,2,genre_narratif,negatif,modere,moyenne,non_applicable,non_applicable,non_applicable
1737,[surprised],Unexpected reaction,Emotion,9,3,emotion,ambivalent,modere,moyenne,non_applicable,non_applicable,non_applicable
538,[survival],Speaker sounds like they are in a survival story,Genre,4,1,genre_narratif,neutre,modere,moyenne,non_applicable,non_applicable,non_applicable
360,[suspense build-up],Speaker creates suspenseful narrative tension,Narrative,15,5,narration,neutre,modere,moyenne,non_applicable,non_applicable,non_applicable
1729,[suspicious],"Wary, distrustful",Emotion,10,3,emotion,ambivalent,modere,moyenne,non_applicable,non_applicable,non_applicable
320,[swallow saliva],Speaker sounds like they are swallowing saliva,Body States,13,4,etat_physique,neutre,modere,moyenne,sensation,non_applicable,non_applicable
534,[swashbuckling],Speaker sounds like they are in a swashbuckling adventure,Genre,6,2,genre_narratif,neutre,modere,moyenne,non_applicable,non_applicable,non_applicable
1495,[swayed],Gently rocking rhythm,Rhythm,15,5,rythme_tempo,neutre,modere,moyenne,non_applicable,non_applicable,non_applicable
271,[sweat dripping],Speaker sounds like sweat is dripping,Body States,6,1,etat_physique,neutre,modere,moyenne,sensation,non_applicable,non_applicable
243,[sweating],Speaker sounds like they are perspiring,Body States,15,4,etat_physique,neutre,modere,moyenne,sensation,non_applicable,non_applicable
1411,[swinging],Speaker speaks with jazz-like rhythm,Styles,7,2,style_parole,neutre,modere,moyenne,non_applicable,non_applicable,non_applicable
475,[sword and sorcery],Speaker sounds like they are in a sword and sorcery tale,Genre,10,3,genre_narratif,neutre,modere,moyenne,non_applicable,non_applicable,non_applicable
1237,[sword clang],Sound of metal sword clashing,Sound Effects,12,4,effet_sonore,neutre,modere,non_applicable,non_applicable,non_applicable,non_applicable
1406,[syncopated],Speaker speaks with irregular rhythm,Styles,4,1,style_parole,neutre,modere,moyenne,non_applicable,non_applicable,non_applicable
1499,[syncopated],Off-beat rhythm pattern,Rhythm,13,4,rythme_tempo,neutre,modere,moyenne,non_applicable,non_applicable,non_applicable
708,[syncopation],Speaker sounds like syncopated rhythm effect,Effects,12,4,effet_technique,neutre,modere,moyenne,non_applicable,non_applicable,non_applicable
1422,[tactical],Speaker speaks with specific goal,Styles,10,3,style_parole,neutre,modere,moyenne,non_applicable,non_applicable,non_applicable
1656,[tada],Celebration sound,Vocal Effects,12,3,vocalisation_non_verbale,positif,modere,moyenne,non_applicable,non_applicable,non_applicable
794,[talkback mic],Speaker sounds like talkback microphone,Effects,5,1,effet_technique,neutre,modere,moyenne,non_applicable,non_applicable,non_applicable
583,[talks over],Speaker talks over another person,Dialogue,4,1,dialogue,neutre,modere,moyenne,non_applicable,non_applicable,non_applicable
1624,[tap],Light striking sound,Vocal Effects,13,4,vocalisation_non_verbale,neutre,fort,moyenne,non_applicable,aigue,non_applicable
1314,[tape dispenser],Sound of tape being pulled,Sound Effects,6,1,effet_sonore,neutre,modere,non_applicable,non_applicable,non_applicable,non_applicable
805,[tape stop],Speaker sounds like tape stop effect,Effects,6,1,effet_technique,neutre,modere,moyenne,non_applicable,non_applicable,non_applicable
1409,[tapping],Speaker speaks with light rhythm,Styles,7,2,style_parole,neutre,subtil,moyenne,non_applicable,aigue,non_applicable
293,[taste bitter],Speaker sounds like they taste something bitter,Body States,6,1,etat_physique,negatif,modere,moyenne,sensation,non_applicable,non_applicable
296,[taste metallic],Speaker sounds like they taste something metallic,Body States,5,1,etat_physique,neutre,modere,moyenne,sensation,non_applicable,non_applicable
295,[taste sour],Speaker sounds like they taste something sour,Body States,15,4,etat_physique,neutre,modere,moyenne,sensation,non_applicable,non_applicable
294,[taste sweet],Speaker sounds like they taste something sweet,Body States,6,2,etat_physique,positif,modere,moyenne,sensation,douce,non_applicable
189,[teacher speaking],Speaker sounds like they are hearing a teacher,Environment,12,4,environnement_acoustique,neutre,modere,non_applicable,non_applicable,non_applicable,non_applicable
1004,[team huddle joke],Speaker makes team-spirited humor,Humor,7,2,humour,neutre,modere,tres_haute,non_applicable,non_applicable,non_applicable
1555,[tear up],Beginning to cry,Vocal Effects,5,1,vocalisation_non_verbale,neutre,modere,moyenne,visage,non_applicable,non_applicable
985,[teasing tone],Speaker uses a playful teasing tone,Humor,7,2,humour,positif,modere,moyenne,non_applicable,non_applicable,non_applicable
1027,[tech geek joke],Speaker makes technology-related humor,Humor,15,5,humour,neutre,modere,moyenne,non_applicable,non_applicable,non_applicable
316,[teeth grinding],Speaker sounds like they are grinding their teeth,Body States,9,3,etat_physique,neutre,modere,moyenne,sensation,non_applicable,non_applicable
729,[telephone filter],Speaker sounds like telephone filtered,Effects,9,2,effet_technique,neutre,modere,moyenne,non_applicable,non_applicable,non_applicable
766,[telephone ring],Speaker sounds like telephone ring effect,Effects,4,1,effet_technique,neutre,modere,moyenne,non_applicable,non_applicable,non_applicable
1507,[tempo down],Decelerating pace,Rhythm,11,3,rythme_tempo,neutre,modere,moyenne,non_applicable,non_applicable,non_applicable
1506,[tempo up],Accelerating pace,Rhythm,7,2,rythme_tempo,neutre,modere,moyenne,non_applicable,non_applicable,non_applicable
1707,[tender],"Soft, affectionate",Emotion,4,1,emotion,positif,subtil,moyenne,non_applicable,douce,non_applicable
1269,[tennis ball hit],Sound of tennis ball being hit,Sound Effects,11,3,effet_sonore,neutre,modere,non_applicable,non_applicable,non_applicable,non_applicable
446,[tense narration],Speaker uses suspenseful narrative tension,Narrative,14,4,narration,neutre,modere,moyenne,non_applicable,non_applicable,non_applicable
1360,[tense],Speaker speaks with strain,Styles,15,4,style_parole,negatif,modere,moyenne,non_applicable,non_applicable,non_applicable
1733,[tense],"Stressed, on edge",Emotion,12,4,emotion,negatif,modere,moyenne,non_applicable,non_applicable,non_applicable
679,[tension pause],Speaker pauses creating tension,Dialogue,4,1,dialogue,negatif,modere,moyenne,non_applicable,non_applicable,non_applicable
1251,[tent zipper],Sound of tent zipper,Sound Effects,10,3,effet_sonore,neutre,modere,non_applicable,non_applicable,non_applicable,non_applicable
1356,[tentative],Speaker speaks hesitantly,Styles,14,4,style_parole,neutre,subtil,moyenne,non_applicable,non_applicable,non_applicable
1735,[terrified],Extremely frightened,Emotion,4,1,emotion,negatif,extreme,moyenne,non_applicable,non_applicable,non_applicable
431,[testimonial style],Speaker uses witness testimony narrative,Narrative,12,4,narration,neutre,modere,moyenne,non_applicable,non_applicable,non_applicable
1333,[theatrical],Speaker uses dramatic performance style,Styles,12,4,style_parole,neutre,fort,moyenne,non_applicable,non_applicable,non_applicable
327,[thigh burn],Speaker sounds like their thighs are burning,Body States,8,2,etat_physique,neutre,modere,moyenne,douleur,non_applicable,non_applicable
365,[third-person narrative],Speaker tells story from third-person perspective,Narrative,6,2,narration,neutre,modere,moyenne,non_applicable,non_applicable,non_applicable
266,[thirsty],Speaker sounds like they are thirsty,Body States,15,5,etat_physique,neutre,modere,moyenne,sensation,non_applicable,non_applicable
1745,[thoughtful],"Considerate, reflective",Emotion,6,1,emotion,neutre,modere,moyenne,non_applicable,non_applicable,non_applicable
1690,[thrilled],Extremely excited,Emotion,12,4,emotion,positif,extreme,tres_haute,non_applicable,non_applicable,non_applicable
277,[throbbing],Speaker sounds like they feel throbbing pain,Body States,13,4,etat_physique,negatif,modere,moyenne,douleur,non_applicable,non_applicable
1620,[thud],Heavy impact sound,Vocal Effects,6,2,vocalisation_non_verbale,neutre,modere,moyenne,non_applicable,grave,non_applicable
1168,[thunder],Sound of thunder rumbling,Sound Effects,4,1,effet_sonore,neutre,modere,non_applicable,non_applicable,grave,non_applicable
153,[thunderstorm],Speaker sounds like they are in a thunderstorm,Environment,15,5,environnement_acoustique,neutre,modere,non_applicable,non_applicable,non_applicable,non_applicable
257,[tight chest],Speaker sounds like they have chest tightness,Body States,12,3,etat_physique,neutre,modere,moyenne,sensation,non_applicable,non_applicable
704,[time stretch],Speaker sounds like time stretched audio,Effects,9,2,effet_technique,neutre,modere,moyenne,non_applicable,non_applicable,non_applicable
491,[time travel],Speaker sounds like they are involved in time travel,Genre,15,5,genre_narratif,neutre,modere,haute,non_applicable,non_applicable,non_applicable
274,[tingling],Speaker sounds like they feel tingling sensations,Body States,9,3,etat_physique,neutre,modere,moyenne,sensation,non_applicable,non_applicable
1783,[tired],"Weary, exhausted",Emotion,10,3,emotion,negatif,modere,basse,non_applicable,non_applicable,non_applicable
1562,[titter],"Nervous, restrained laugh",Vocal Effects,8,2,vocalisation_non_verbale,ambivalent,subtil,moyenne,non_applicable,non_applicable,non_applicable
1222,[toaster pop],Sound of toaster popping up,Sound Effects,12,3,effet_sonore,neutre,modere,non_applicable,non_applicable,non_applicable,non_applicable
1801,[tolerant],"Accepting, open-minded",Emotion,6,2,emotion,ambivalent,modere,moyenne,non_applicable,non_applicable,non_applicable
684,[tone shift],Speaker shifts their tone,Dialogue,11,3,dialogue,neutre,modere,moyenne,non_applicable,non_applicable,non_applicable
1583,[tongue roll],Rolling tongue trill,Vocal Effects,13,4,vocalisation_non_verbale,neutre,modere,moyenne,non_applicable,non_applicable,non_applicable
1015,[tongue twist],Speaker plays with tongue twisters humorously,Humor,14,4,humour,neutre,modere,moyenne,non_applicable,non_applicable,non_applicable
988,[tongue-in-cheek],Speaker uses tongue-in-cheek humor,Humor,6,1,humour,neutre,modere,moyenne,non_applicable,non_applicable,non_applicable
950,[toot sound],Speaker makes silly tooting sounds,Humor,6,1,humour,neutre,modere,moyenne,non_applicable,non_applicable,non_applicable
451,[tragic narration],Speaker uses sorrowful narrative style,Narrative,8,2,narration,negatif,modere,moyenne,non_applicable,non_applicable,non_applicable
455,[tragicomedy tone],Speaker mixes tragic and comic narrative,Narrative,11,3,narration,neutre,modere,moyenne,non_applicable,non_applicable,non_applicable
1491,[trail off],Gradually fading away,Rhythm,6,2,rythme_tempo,neutre,modere,moyenne,non_applicable,non_applicable,lent
1492,[trailing off],Voice diminishing,Rhythm,5,1,rythme_tempo,neutre,modere,moyenne,non_applicable,non_applicable,non_applicable
167,[train arrival],Speaker sounds like they are hearing a train arriving,Environment,12,3,environnement_acoustique,neutre,modere,non_applicable,non_applicable,non_applicable,non_applicable
168,[train departure],Speaker sounds like they are hearing a train departing,Environment,5,1,environnement_acoustique,neutre,modere,non_applicable,non_applicable,non_applicable,non_applicable
1177,[train horn],Sound of train horn blowing,Sound Effects,10,3,effet_sonore,neutre,modere,non_applicable,non_applicable,non_applicable,non_applicable
169,[train rumbling],Speaker sounds like they are hearing train movement,Environment,6,1,environnement_acoustique,neutre,modere,non_applicable,non_applicable,grave,non_applicable
166,[train station],Speaker sounds like they are in a train station,Environment,9,3,environnement_acoustique,neutre,modere,non_applicable,non_applicable,non_applicable,non_applicable
170,[train whistle],Speaker sounds like they are hearing a train whistle,Environment,8,2,environnement_acoustique,neutre,modere,non_applicable,non_applicable,non_applicable,non_applicable
787,[treble cut],Speaker sounds like treble cut,Effects,15,5,effet_technique,neutre,modere,moyenne,non_applicable,aigue,non_applicable
160,[tree branches],Speaker sounds like they are hearing tree branches moving,Environment,12,4,environnement_acoustique,neutre,modere,non_applicable,non_applicable,non_applicable,non_applicable
242,[trembling],Speaker sounds like they are trembling or shaking,Body States,10,3,etat_physique,neutre,modere,moyenne,sensation,non_applicable,non_applicable
723,[tremolo effect],Speaker sounds like tremolo audio effect,Effects,12,3,effet_technique,neutre,modere,moyenne,non_applicable,non_applicable,non_applicable
710,[tremolo],Speaker sounds like tremolo effect,Effects,13,4,effet_technique,neutre,modere,moyenne,non_applicable,non_applicable,non_applicable
1297,[trumpet blast],Sound of trumpet playing,Sound Effects,9,3,effet_sonore,neutre,modere,non_applicable,non_applicable,non_applicable,non_applicable
1698,[trusting],Having faith in others,Emotion,4,1,emotion,ambivalent,modere,moyenne,douleur,non_applicable,non_applicable
1699,[trustworthy],"Reliable, dependable tone",Emotion,4,1,emotion,positif,modere,moyenne,non_applicable,non_applicable,non_applicable
1163,[truth found],Speaker conveys truth found,Introspective,12,4,reflexif_interieur,neutre,modere,moyenne,non_applicable,non_applicable,non_applicable
1164,[truth hidden],Speaker conveys truth hidden,Introspective,13,4,reflexif_interieur,neutre,modere,moyenne,non_applicable,non_applicable,non_applicable
1165,[truth whispered],Speaker whispers a hidden truth,Introspective,7,2,reflexif_interieur,neutre,subtil,moyenne,non_applicable,non_applicable,non_applicable
1162,[truth-seeking],Speaker seeks the truth,Introspective,15,5,reflexif_interieur,neutre,modere,moyenne,non_applicable,non_applicable,non_applicable
1642,[tsk],Disapproval click,Vocal Effects,6,1,vocalisation_non_verbale,neutre,modere,moyenne,non_applicable,non_applicable,non_applicable
756,[tube warmth],Speaker sounds like tube amplifier warmth,Effects,7,2,effet_technique,neutre,modere,moyenne,non_applicable,non_applicable,non_applicable
1030,[TV show reference],Speaker references TV shows humorously,Humor,8,2,humour,neutre,modere,moyenne,non_applicable,non_applicable,non_applicable
1303,[TV static],Sound of television static,Sound Effects,9,3,effet_sonore,neutre,modere,tres_basse,non_applicable,non_applicable,non_applicable
1625,[twitch],Sudden movement sound,Vocal Effects,7,2,vocalisation_non_verbale,neutre,modere,moyenne,non_applicable,non_applicable,non_applicable
1208,[typing],Sound of keyboard typing,Sound Effects,15,4,effet_sonore,neutre,modere,non_applicable,non_applicable,non_applicable,non_applicable
1654,[ugh],Annoyance or effort,Vocal Effects,14,4,vocalisation_non_verbale,negatif,modere,moyenne,non_applicable,non_applicable,non_applicable
1611,[uh-oh],Concern or mistake,Vocal Effects,11,3,vocalisation_non_verbale,neutre,modere,moyenne,non_applicable,non_applicable,non_applicable
1497,[uncertain],Doubtful delivery pace,Rhythm,7,2,rythme_tempo,neutre,modere,moyenne,non_applicable,non_applicable,non_applicable
1435,[uncultured],Speaker speaks without refinement,Styles,8,2,style_parole,neutre,modere,moyenne,non_applicable,non_applicable,non_applicable
441,[understated tone],"Speaker uses subtle, understated narrative",Narrative,8,2,narration,neutre,subtil,moyenne,non_applicable,non_applicable,non_applicable
923,[understatement],Speaker uses understated humor for comedic effect,Humor,13,4,humour,neutre,modere,moyenne,non_applicable,non_applicable,non_applicable
1512,[understatement],"Subtle, restrained timing",Rhythm,11,3,rythme_tempo,negatif,subtil,moyenne,non_applicable,non_applicable,non_applicable
765,[underwater murmur],Speaker sounds like underwater murmur,Effects,10,3,effet_technique,neutre,subtil,moyenne,non_applicable,non_applicable,non_applicable
1444,[ungrammatical],Speaker speaks with poor grammar,Styles,13,4,style_parole,neutre,modere,moyenne,non_applicable,non_applicable,non_applicable
366,[unreliable narrator],Speaker uses an unreliable narrative voice,Narrative,11,3,narration,neutre,modere,moyenne,non_applicable,non_applicable,non_applicable
448,[uplifting narration],Speaker uses inspiring narrative style,Narrative,14,4,narration,positif,modere,moyenne,non_applicable,non_applicable,non_applicable
559,[urban drama],Speaker sounds like they are in an urban drama,Genre,10,3,genre_narratif,neutre,modere,moyenne,non_applicable,non_applicable,non_applicable
472,[urban fantasy],Speaker sounds like they are in a modern fantasy world,Genre,13,4,genre_narratif,neutre,modere,moyenne,non_applicable,non_applicable,non_applicable
507,[urban horror],Speaker sounds like they are in an urban horror setting,Genre,15,5,genre_narratif,negatif,modere,moyenne,non_applicable,non_applicable,non_applicable
411,[urban legend tone],Speaker uses mysterious urban legend narrative,Narrative,10,3,narration,neutre,modere,moyenne,non_applicable,non_applicable,non_applicable
1532,[urgent],"Pressing, immediate pace",Rhythm,12,3,rythme_tempo,negatif,modere,moyenne,non_applicable,non_applicable,rapide
602,[urges],Speaker urges someone to do something,Dialogue,13,4,dialogue,neutre,modere,moyenne,non_applicable,non_applicable,non_applicable
1213,[vacuum cleaner],Sound of vacuum cleaner operating,Sound Effects,15,5,effet_sonore,neutre,modere,non_applicable,non_applicable,non_applicable,non_applicable
1806,[vain],"Conceited, self-absorbed",Emotion,7,2,emotion,ambivalent,modere,moyenne,non_applicable,non_applicable,non_applicable
567,[vampire story],Speaker sounds like they are in a vampire story,Genre,4,1,genre_narratif,neutre,modere,moyenne,non_applicable,non_applicable,non_applicable
1535,[varied pace],Changing speed patterns,Rhythm,15,5,rythme_tempo,neutre,modere,moyenne,non_applicable,non_applicable,non_applicable
1312,[velcro rip],Sound of velcro being separated,Sound Effects,8,2,effet_sonore,neutre,modere,non_applicable,non_applicable,non_applicable,non_applicable
1440,[vernacular],Speaker uses local speech patterns,Styles,11,3,style_parole,neutre,modere,moyenne,non_applicable,non_applicable,non_applicable
1785,[vibrant],"Lively, dynamic",Emotion,14,5,emotion,positif,fort,tres_haute,non_applicable,non_applicable,non_applicable
709,[vibrato],Speaker sounds like vibrato effect,Effects,4,1,effet_technique,neutre,modere,moyenne,non_applicable,non_applicable,non_applicable
574,[victorian],Speaker sounds like they are in a victorian setting,Genre,6,1,genre_narratif,neutre,modere,moyenne,non_applicable,non_applicable,non_applicable
555,[vigilante],Speaker sounds like they are in a vigilante story,Genre,10,3,genre_narratif,neutre,modere,moyenne,non_applicable,non_applicable,non_applicable
755,[vintage mic],Speaker sounds like vintage microphone,Effects,15,4,effet_technique,neutre,modere,moyenne,non_applicable,non_applicable,non_applicable
735,[vinyl crackle],Speaker sounds like vinyl record crackle,Effects,15,4,effet_technique,neutre,modere,moyenne,non_applicable,non_applicable,non_applicable
1294,[violin bow],Sound of violin bow on strings,Sound Effects,15,4,effet_sonore,neutre,modere,non_applicable,non_applicable,non_applicable,non_applicable
434,[vivid description],Speaker uses detailed descriptive narrative,Narrative,6,1,narration,neutre,modere,moyenne,non_applicable,non_applicable,non_applicable
401,[vlog style],Speaker uses video blog narrative tone,Narrative,6,2,narration,neutre,modere,moyenne,non_applicable,non_applicable,non_applicable
694,[vocoder],Speaker sounds like vocoder effect,Effects,6,1,effet_technique,neutre,modere,moyenne,non_applicable,non_applicable,non_applicable
352,[voice-over style],Speaker sounds like a voice-over narrator,Narrative,12,4,narration,neutre,modere,moyenne,non_applicable,non_applicable,non_applicable
1657,[voila],Presentation exclamation,Vocal Effects,5,1,vocalisation_non_verbale,negatif,modere,moyenne,non_applicable,non_applicable,non_applicable
264,[vomiting],Speaker sounds like they are vomiting,Body States,9,2,etat_physique,neutre,modere,moyenne,sensation,non_applicable,non_applicable
1106,[vulnerable tone],Speaker speaks with a vulnerable tone,Introspective,12,3,reflexif_interieur,neutre,modere,moyenne,non_applicable,non_applicable,non_applicable
1105,[vulnerable whisper],Speaker whispers vulnerably,Introspective,9,2,reflexif_interieur,neutre,subtil,moyenne,non_applicable,non_applicable,non_applicable
1776,[vulnerable],"Exposed, defenseless",Emotion,14,4,emotion,ambivalent,modere,moyenne,non_applicable,non_applicable,non_applicable
698,[wah‑wah],Speaker sounds like wah-wah effect,Effects,10,3,effet_technique,neutre,modere,moyenne,non_applicable,non_applicable,non_applicable
1556,[wail],"Loud, mournful cry",Vocal Effects,6,1,vocalisation_non_verbale,neutre,extreme,moyenne,non_applicable,non_applicable,non_applicable
344,[wake up stretch],Speaker sounds like they are stretching after waking up,Body States,6,2,etat_physique,neutre,modere,moyenne,sensation,non_applicable,matin
340,[walk softly],Speaker sounds like they are walking softly,Body States,9,2,etat_physique,neutre,modere,moyenne,sensation,non_applicable,non_applicable
771,[walkman hiss],Speaker sounds like walkman tape hiss,Effects,9,2,effet_technique,neutre,modere,moyenne,non_applicable,non_applicable,non_applicable
1413,[waltzing],Speaker speaks with 3/4 time rhythm,Styles,10,3,style_parole,neutre,modere,moyenne,non_applicable,non_applicable,non_applicable
539,[war epic],Speaker sounds like they are in a war epic,Genre,13,4,genre_narratif,neutre,modere,moyenne,non_applicable,non_applicable,non_applicable
1371,[warm],Speaker speaks with friendly warmth,Styles,9,2,style_parole,positif,modere,moyenne,sensation,douce,non_applicable
390,[warning tone],Speaker uses cautionary narrative voice,Narrative,7,2,narration,neutre,modere,moyenne,non_applicable,non_applicable,non_applicable
1212,[washing machine],Sound of washing machine running,Sound Effects,4,1,effet_sonore,neutre,modere,non_applicable,non_applicable,non_applicable,non_applicable
162,[waterfall],Speaker sounds like they are near a waterfall,Environment,10,3,environnement_acoustique,neutre,modere,non_applicable,non_applicable,non_applicable,non_applicable
1544,[wave-like],Undulating pace,Rhythm,11,3,rythme_tempo,neutre,modere,moyenne,non_applicable,non_applicable,non_applicable
745,[waveform bend],Speaker sounds like bent waveform,Effects,4,1,effet_technique,neutre,modere,moyenne,non_applicable,non_applicable,non_applicable
1245,[waves crashing],Sound of ocean waves crashing,Sound Effects,13,4,effet_sonore,neutre,modere,non_applicable,non_applicable,non_applicable,non_applicable
396,[weather reporter tone],Speaker uses weather forecast narrative,Narrative,12,4,narration,neutre,modere,moyenne,non_applicable,non_applicable,non_applicable
979,[weekday humor],Speaker makes jokes about weekdays,Humor,15,5,humour,neutre,modere,moyenne,non_applicable,non_applicable,non_applicable
113,[weekend ambitious],Speaker sounds driven and goal-oriented on the weekend,Mood,4,1,humeur_tonale,neutre,modere,haute,non_applicable,non_applicable,non_applicable
112,[weekend excited],Speaker sounds enthusiastic and eager on the weekend,Mood,11,3,humeur_tonale,positif,fort,haute,non_applicable,non_applicable,non_applicable
114,[weekend lazy],Speaker sounds relaxed and unhurried on the weekend,Mood,13,4,humeur_tonale,neutre,modere,basse,non_applicable,non_applicable,rapide
115,[weekend playful],Speaker sounds fun and lighthearted on the weekend,Mood,15,4,humeur_tonale,positif,subtil,moyenne,non_applicable,aigue,non_applicable
111,[weekend relaxed],Speaker sounds calm and at ease on the weekend,Mood,9,3,humeur_tonale,neutre,modere,basse,non_applicable,non_applicable,non_applicable
568,[werewolf story],Speaker sounds like they are in a werewolf story,Genre,13,4,genre_narratif,neutre,modere,moyenne,non_applicable,non_applicable,non_applicable
547,[western],Speaker sounds like they are in a western,Genre,15,5,genre_narratif,neutre,modere,moyenne,non_applicable,dure,non_applicable
1247,[whale song],Sound of whale singing,Sound Effects,11,3,effet_sonore,neutre,modere,non_applicable,non_applicable,non_applicable,non_applicable
1593,[wheeze],Whistling breath sound,Vocal Effects,12,3,vocalisation_non_verbale,neutre,modere,moyenne,respiration,non_applicable,non_applicable
239,[wheezing softly],Speaker sounds like they have slight breathing difficulty,Body States,7,2,etat_physique,neutre,subtil,moyenne,respiration,aigue,non_applicable
1596,[whimper],"Soft, pitiful sound",Vocal Effects,15,4,vocalisation_non_verbale,neutre,subtil,moyenne,non_applicable,douce,non_applicable
936,[whimsical humor],"Speaker uses playful, whimsical comedy",Humor,6,1,humour,positif,modere,moyenne,non_applicable,non_applicable,non_applicable
423,[whimsical style],"Speaker uses playful, whimsical narrative",Narrative,12,4,narration,neutre,modere,moyenne,non_applicable,non_applicable,non_applicable
557,[whimsical],Speaker sounds like they are in a whimsical story,Genre,15,4,genre_narratif,neutre,modere,moyenne,non_applicable,non_applicable,non_applicable
1578,[whining],Complaining vocal tone,Vocal Effects,14,4,vocalisation_non_verbale,neutre,modere,moyenne,non_applicable,non_applicable,non_applicable
1236,[whip crack],Sound of whip cracking,Sound Effects,12,4,effet_sonore,neutre,modere,non_applicable,non_applicable,non_applicable,non_applicable
1322,[whisper],Speaker speaks in a soft whisper,Styles,5,1,style_parole,neutre,subtil,moyenne,non_applicable,douce,non_applicable
1575,[whispered breath],"Soft, breathy whisper",Vocal Effects,13,4,vocalisation_non_verbale,neutre,subtil,moyenne,respiration,douce,non_applicable
1265,[whistle blow],Sound of whistle blowing,Sound Effects,6,2,effet_sonore,neutre,modere,non_applicable,non_applicable,non_applicable,non_applicable
1632,[whistle],Pursed lip tone,Vocal Effects,6,1,vocalisation_non_verbale,neutre,modere,moyenne,non_applicable,non_applicable,non_applicable
749,[white noise sweep],Speaker sounds like white noise sweep,Effects,10,3,effet_technique,neutre,modere,moyenne,non_applicable,non_applicable,non_applicable
1644,[whoa],Surprise or caution,Vocal Effects,5,1,vocalisation_non_verbale,neutre,modere,moyenne,non_applicable,non_applicable,non_applicable
530,[whodunit],Speaker sounds like they are in a whodunit mystery,Genre,4,1,genre_narratif,neutre,modere,moyenne,non_applicable,non_applicable,non_applicable
954,[whoopee cushion],Speaker sounds like a whoopee cushion,Humor,7,2,humour,neutre,modere,moyenne,non_applicable,non_applicable,non_applicable
783,[whoosh filter],Speaker sounds like whoosh filter effect,Effects,8,2,effet_technique,neutre,modere,moyenne,non_applicable,non_applicable,non_applicable
1365,[wild],Speaker speaks without restraint,Styles,11,3,style_parole,negatif,modere,tres_haute,non_applicable,non_applicable,non_applicable
224,[wildlife night],Speaker sounds like they are hearing nighttime wildlife,Environment,12,3,environnement_acoustique,neutre,modere,non_applicable,non_applicable,non_applicable,nuit
156,[wind calm],Speaker sounds like they are experiencing gentle wind,Environment,12,4,environnement_acoustique,positif,subtil,basse,non_applicable,douce,lent
235,[wind chimes],Speaker sounds like they are hearing wind chimes,Environment,15,5,environnement_acoustique,neutre,modere,non_applicable,non_applicable,non_applicable,non_applicable
1290,[wind chimes],Sound of wind chimes tinkling,Sound Effects,11,3,effet_sonore,neutre,modere,non_applicable,non_applicable,non_applicable,non_applicable
1200,[wind howling],Sound of wind howling,Sound Effects,4,1,effet_sonore,neutre,extreme,non_applicable,non_applicable,non_applicable,non_applicable
157,[wind strong],Speaker sounds like they are experiencing strong wind,Environment,5,1,environnement_acoustique,neutre,fort,non_applicable,non_applicable,non_applicable,non_applicable
1205,[window opening],Sound of window opening,Sound Effects,7,2,effet_sonore,neutre,modere,non_applicable,non_applicable,non_applicable,non_applicable
989,[wink sound],Speaker sounds like winking for comedic effect,Humor,11,3,humour,neutre,modere,moyenne,visage,non_applicable,non_applicable
1793,[wise],"Knowledgeable, sage",Emotion,6,2,emotion,ambivalent,modere,moyenne,non_applicable,non_applicable,non_applicable
1084,[wistful longing],Speaker conveys wistful longing,Introspective,9,3,reflexif_interieur,neutre,modere,moyenne,non_applicable,non_applicable,non_applicable
1083,[wistful reflection],Speaker conveys wistful reflection,Introspective,15,4,reflexif_interieur,neutre,modere,moyenne,non_applicable,non_applicable,non_applicable
1085,[wistful sigh],Speaker releases a wistful sigh,Introspective,10,3,reflexif_interieur,neutre,modere,moyenne,respiration,non_applicable,non_applicable
1746,[wistful],"Yearning, nostalgic",Emotion,4,1,emotion,ambivalent,modere,moyenne,non_applicable,non_applicable,non_applicable
566,[witch tale],Speaker sounds like they are in a witch story,Genre,4,1,genre_narratif,neutre,modere,moyenne,non_applicable,non_applicable,non_applicable
933,[witty aside],Speaker makes a clever witty comment,Humor,5,1,humour,neutre,modere,moyenne,non_applicable,non_applicable,non_applicable
1758,[witty],Cleverly humorous,Emotion,11,3,emotion,ambivalent,modere,moyenne,non_applicable,non_applicable,non_applicable
1186,[wolf howl],Sound of wolf howling,Sound Effects,6,2,effet_sonore,neutre,extreme,non_applicable,non_applicable,non_applicable,non_applicable
462,[wonder-filled narration],Speaker uses amazed narrative style,Narrative,15,5,narration,neutre,modere,moyenne,non_applicable,non_applicable,non_applicable
93,[workflow bored],Speaker sounds uninterested and monotonous in workflow,Mood,6,1,humeur_tonale,negatif,modere,moyenne,non_applicable,non_applicable,non_applicable
94,[workflow challenged],Speaker sounds engaged and determined in workflow,Mood,6,2,humeur_tonale,neutre,modere,haute,non_applicable,non_applicable,non_applicable
95,[workflow creative],Speaker sounds inspired and innovative in workflow,Mood,5,1,humeur_tonale,positif,modere,moyenne,non_applicable,non_applicable,non_applicable
91,[workflow focused],Speaker sounds concentrated and productive in workflow,Mood,6,1,humeur_tonale,neutre,modere,haute,non_applicable,non_applicable,non_applicable
92,[workflow productive],Speaker sounds efficient and accomplished in workflow,Mood,11,3,humeur_tonale,neutre,modere,moyenne,non_applicable,non_applicable,non_applicable
1643,[wow],Amazement exclamation,Vocal Effects,15,4,vocalisation_non_verbale,neutre,modere,moyenne,non_applicable,non_applicable,non_applicable
919,[wry grin],"Speaker sounds like they have a wry, knowing smile",Humor,9,3,humour,positif,modere,moyenne,visage,non_applicable,non_applicable
1670,[yahoo],Joyful exclamation,Vocal Effects,15,4,vocalisation_non_verbale,neutre,modere,moyenne,non_applicable,non_applicable,non_applicable
345,[yawn stretch],Speaker sounds like they are yawning and stretching,Body States,15,5,etat_physique,neutre,modere,basse,sensation,non_applicable,non_applicable
1570,[yawn],"Tired, sleepy sound",Vocal Effects,7,3,vocalisation_non_verbale,negatif,modere,basse,non_applicable,non_applicable,nuit
267,[yawning],Speaker sounds like they are yawning,Body States,15,6,etat_physique,neutre,modere,basse,sensation,non_applicable,non_applicable
1669,[yeehaw],Excitement celebration,Vocal Effects,7,2,vocalisation_non_verbale,positif,modere,moyenne,non_applicable,non_applicable,non_applicable
1605,[yelp],"Sharp, surprised cry",Vocal Effects,12,4,vocalisation_non_verbale,neutre,modere,moyenne,non_applicable,aigue,non_applicable
1613,[yip],"Quick, excited sound",Vocal Effects,7,2,vocalisation_non_verbale,positif,fort,haute,non_applicable,non_applicable,rapide
553,[young adult],Speaker sounds like they are in a young adult story,Genre,10,3,genre_narratif,neutre,modere,moyenne,non_applicable,non_applicable,non_applicable
1663,[yuck],Disgust reaction,Vocal Effects,6,1,vocalisation_non_verbale,negatif,modere,moyenne,non_applicable,non_applicable,non_applicable
1662,[yum],Taste appreciation,Vocal Effects,6,2,vocalisation_non_verbale,neutre,modere,moyenne,non_applicable,non_applicable,non_applicable
231,[zen garden],Speaker sounds like they are in a peaceful zen garden,Environment,13,4,environnement_acoustique,positif,modere,basse,non_applicable,non_applicable,non_applicable
1206,[zipper],Sound of zipper opening or closing,Sound Effects,12,4,effet_sonore,neutre,modere,non_applicable,non_applicable,non_applicable,non_applicable
505,[zombie apocalypse],Speaker sounds like they are in a zombie apocalypse,Genre,7,2,genre_narratif,neutre,extreme,moyenne,non_applicable,non_applicable,non_applicable
on_applicable,non_applicable
231,[zen garden],Speaker sounds like they are in a peaceful zen garden,Environment,13,4,environnement_acoustique,positif,extreme,basse,non_applicable,non_applicable,non_applicable
1206,[zipper],Sound of zipper opening or closing,Sound Effects,12,4,effet_sonore,neutre,modere,non_applicable,non_applicable,non_applicable,non_applicable
505,[zombie apocalypse],Speaker sounds like they are in a zombie apocalypse,Genre,7,2,genre_narratif,neutre,extreme,moyenne,non_applicable,non_applicable,non_applicable
